Domain;Action;Beta;ValidationPercent;TestdataPercent;TrainingdataPercent;NumProblems;NumusefulActions;NumuselessActions;Vars;Clauses;Body;TpTraining;TnTraining;FpTraining;FnTraining;RecallTraining;PrecisionTraining;TpTest;TnTest;FpTest;FnTest;RecallTest;PrecisionTest;TpValidation;TnValidation;FpValidation;FnValidation;RecallValidation;PrecisionValidation;Hypothesis;SecondsElapsed;Date
satellite;calibrate;2;0;0.2;0.75;145;6352;84993;6;5;5;38;856;18;470;0.074803;0.678571;15;903;13;190;0.073171;0.535714;0;0;0;0;0;0;calibrate(A,B,C,D):-init_on_board(B,A,D),init_pointing(A,C,D).;0.505608;04/11/2021 14:04
satellite;calibrate;2;0;0.2;0.75;145;6352;84993;6;5;5;269;408;466;239;0.529528;0.365986;98;444;472;107;0.478049;0.17193;0;0;0;0;0;0;calibrate(A,B,C,D):-init_on_board(B,A,D),init_calibration_target(B,C,D).;0.531599;04/11/2021 14:04
satellite;calibrate;2;0;0.2;1;193;8362;113576;6;5;5;49;1184;26;614;0.073906;0.653333;15;903;13;190;0.073171;0.535714;0;0;0;0;0;0;calibrate(A,B,C,D):-init_on_board(B,A,D),init_pointing(A,C,D).;0.541942;04/11/2021 14:04
satellite;calibrate;2;0;0.2;1;193;8362;113576;6;5;5;351;585;625;312;0.529412;0.359631;98;444;472;107;0.478049;0.17193;0;0;0;0;0;0;calibrate(A,B,C,D):-init_on_board(B,A,D),init_calibration_target(B,C,D).;0.571163;04/11/2021 14:04
satellite;calibrate;2;0;0.2;0.25;49;1761;29222;6;5;5;8;306;7;177;0.043243;0.533333;15;903;13;190;0.073171;0.535714;0;0;0;0;0;0;calibrate(A,B,C,D):-init_on_board(B,A,D),init_pointing(A,C,D).;0.43436;04/11/2021 14:04
satellite;calibrate;2;0;0.2;0.25;49;1761;29222;6;5;5;98;148;165;87;0.52973;0.372624;98;444;472;107;0.478049;0.17193;0;0;0;0;0;0;calibrate(A,B,C,D):-init_on_board(B,A,D),init_calibration_target(B,C,D).;0.457321;04/11/2021 14:04
satellite;calibrate;2;0;0.2;0.5;97;4011;57025;6;5;5;28;637;14;302;0.084848;0.666667;15;903;13;190;0.073171;0.535714;0;0;0;0;0;0;calibrate(A,B,C,D):-init_pointing(A,C,D),init_on_board(B,A,D).;0.479999;04/11/2021 14:04
satellite;calibrate;2;0;0.2;0.5;97;4011;57025;6;5;5;180;290;361;150;0.545455;0.332717;98;444;472;107;0.478049;0.17193;0;0;0;0;0;0;calibrate(A,B,C,D):-init_on_board(B,A,D),init_calibration_target(B,C,D).;0.504344;04/11/2021 14:04
satellite;calibrate;2;0;0.2;0.75;145;6352;84993;7;5;5;269;408;466;239;0.529528;0.365986;98;444;472;107;0.478049;0.17193;0;0;0;0;0;0;calibrate(A,B,C,D):-init_on_board(B,A,D),init_calibration_target(B,C,D).;0.985152;04/11/2021 14:10
satellite;calibrate;2;0;0.2;0.75;145;6352;84993;7;5;5;269;408;466;239;0.529528;0.365986;98;444;472;107;0.478049;0.17193;0;0;0;0;0;0;calibrate(A,B,C,D):-init_on_board(B,A,D),init_calibration_target(B,C,D).;0.531599;04/11/2021 14:10
satellite;calibrate;2;0;0.2;1;193;8362;113576;7;5;5;351;585;625;312;0.529412;0.359631;98;444;472;107;0.478049;0.17193;0;0;0;0;0;0;calibrate(A,B,C,D):-init_on_board(B,A,D),init_calibration_target(B,C,D).;0.984456;04/11/2021 14:10
satellite;calibrate;2;0;0.2;1;193;8362;113576;7;5;5;351;585;625;312;0.529412;0.359631;98;444;472;107;0.478049;0.17193;0;0;0;0;0;0;calibrate(A,B,C,D):-init_on_board(B,A,D),init_calibration_target(B,C,D).;0.571163;04/11/2021 14:10
satellite;calibrate;2;0;0.2;0.25;49;1761;29222;7;5;5;98;148;165;87;0.52973;0.372624;98;444;472;107;0.478049;0.17193;0;0;0;0;0;0;calibrate(A,B,C,D):-init_calibration_target(B,C,D),init_on_board(B,A,D).;0.898519;04/11/2021 14:10
satellite;calibrate;2;0;0.2;0.25;49;1761;29222;7;5;5;98;148;165;87;0.52973;0.372624;98;444;472;107;0.478049;0.17193;0;0;0;0;0;0;calibrate(A,B,C,D):-init_on_board(B,A,D),init_calibration_target(B,C,D).;0.457321;04/11/2021 14:10
satellite;calibrate;2;0;0.2;0.5;97;4011;57025;7;5;5;180;290;361;150;0.545455;0.332717;98;444;472;107;0.478049;0.17193;0;0;0;0;0;0;calibrate(A,B,C,D):-init_on_board(B,A,D),init_calibration_target(B,C,D).;0.904199;04/11/2021 14:10
satellite;calibrate;2;0;0.2;0.5;97;4011;57025;7;5;5;180;290;361;150;0.545455;0.332717;98;444;472;107;0.478049;0.17193;0;0;0;0;0;0;calibrate(A,B,C,D):-init_on_board(B,A,D),init_calibration_target(B,C,D).;0.504344;04/11/2021 14:10
satellite;calibrate;2;0;0.2;0.75;145;6352;84993;7;6;5;269;408;466;239;0.529528;0.365986;98;444;472;107;0.478049;0.17193;0;0;0;0;0;0;calibrate(A,B,C,D):-init_power_avail(A,D),init_calibration_target(B,C,D).;1.15232;04/11/2021 14:20
satellite;calibrate;2;0;0.2;0.75;145;6352;84993;7;6;5;269;408;466;239;0.529528;0.365986;98;444;472;107;0.478049;0.17193;0;0;0;0;0;0;calibrate(A,B,C,D):-init_on_board(B,A,D),init_calibration_target(B,C,D).;0.531599;04/11/2021 14:20
satellite;calibrate;2;0;0.2;1;193;8362;113576;7;6;5;351;585;625;312;0.529412;0.359631;98;444;472;107;0.478049;0.17193;0;0;0;0;0;0;calibrate(A,B,C,D):-init_power_avail(A,D),init_calibration_target(B,C,D).;1.194368;04/11/2021 14:20
satellite;calibrate;2;0;0.2;1;193;8362;113576;7;6;5;351;585;625;312;0.529412;0.359631;98;444;472;107;0.478049;0.17193;0;0;0;0;0;0;calibrate(A,B,C,D):-init_on_board(B,A,D),init_calibration_target(B,C,D).;0.571163;04/11/2021 14:20
satellite;calibrate;2;0;0.2;0.25;49;1761;29222;7;6;5;98;148;165;87;0.52973;0.372624;98;444;472;107;0.478049;0.17193;0;0;0;0;0;0;calibrate(A,B,C,D):-init_power_avail(A,D),init_calibration_target(B,C,D).;1.086035;04/11/2021 14:20
satellite;calibrate;2;0;0.2;0.25;49;1761;29222;7;6;5;98;148;165;87;0.52973;0.372624;98;444;472;107;0.478049;0.17193;0;0;0;0;0;0;calibrate(A,B,C,D):-init_on_board(B,A,D),init_calibration_target(B,C,D).;0.457321;04/11/2021 14:20
satellite;calibrate;2;0;0.2;0.5;97;4011;57025;7;6;5;180;290;361;150;0.545455;0.332717;98;444;472;107;0.478049;0.17193;0;0;0;0;0;0;calibrate(A,B,C,D):-init_calibration_target(B,C,D),init_power_avail(A,D).;1.1244;04/11/2021 14:20
satellite;calibrate;2;0;0.2;0.5;97;4011;57025;7;6;5;180;290;361;150;0.545455;0.332717;98;444;472;107;0.478049;0.17193;0;0;0;0;0;0;calibrate(A,B,C,D):-init_on_board(B,A,D),init_calibration_target(B,C,D).;0.504344;04/11/2021 14:20
satellite;calibrate;2;0;0.2;0.75;145;6352;84993;7;5;6;38;856;18;470;0.074803;0.678571;15;903;13;190;0.073171;0.535714;0;0;0;0;0;0;calibrate(A,B,C,D):-init_pointing(A,C,D),init_on_board(B,A,D).;0.952367;04/11/2021 15:20
satellite;calibrate;2;0;0.2;0.75;145;6352;84993;7;5;6;269;408;466;239;0.529528;0.365986;98;444;472;107;0.478049;0.17193;0;0;0;0;0;0;calibrate(A,B,C,D):-init_calibration_target(B,C,D),init_on_board(B,A,D).;1.009546;04/11/2021 15:20
satellite;calibrate;2;0;0.2;0.75;145;6352;84993;7;5;6;269;557;317;239;0.529528;0.459044;98;489;427;107;0.478049;0.186667;0;0;0;0;0;0;calibrate(A,B,C,D):-init_pointing(A,C,D),goal_have_image(E,F,D),init_supports(B,F,D),goal_pointing(A,E,D). | calibrate(A,B,C,D):-goal_have_image(G,F,D),init_calibration_target(B,C,D),init_power_avail(A,D),init_supports(B,F,D),init_supports(B,E,D),goal_have_image(G,E,D).;111.66332;04/11/2021 15:20
satellite;calibrate;2;0;0.2;1;193;8362;113576;7;5;6;49;1184;26;614;0.073906;0.653333;15;903;13;190;0.073171;0.535714;0;0;0;0;0;0;calibrate(A,B,C,D):-init_on_board(B,A,D),init_pointing(A,C,D).;1.000414;04/11/2021 15:20
satellite;calibrate;2;0;0.2;1;193;8362;113576;7;5;6;351;585;625;312;0.529412;0.359631;98;444;472;107;0.478049;0.17193;0;0;0;0;0;0;calibrate(A,B,C,D):-init_calibration_target(B,C,D),init_on_board(B,A,D).;1.064952;04/11/2021 15:20
satellite;calibrate;2;0;0.2;1;193;8362;113576;7;5;6;351;777;433;312;0.529412;0.447704;98;489;427;107;0.478049;0.186667;0;0;0;0;0;0;calibrate(A,B,C,D):-goal_pointing(E,C,D),init_pointing(E,C,D),goal_have_image(G,F,D),init_supports(B,F,D),init_pointing(A,G,D). | calibrate(A,B,C,D):-init_supports(B,G,D),goal_have_image(F,E,D),init_calibration_target(B,C,D),goal_have_image(F,G,D),init_power_avail(A,D),init_supports(B,E,D).;1835.8948;04/11/2021 15:20
satellite;calibrate;2;0;0.2;0.25;49;1761;29222;7;5;6;8;306;7;177;0.043243;0.533333;15;903;13;190;0.073171;0.535714;0;0;0;0;0;0;calibrate(A,B,C,D):-init_pointing(A,C,D),init_on_board(B,A,D).;0.871029;04/11/2021 15:20
satellite;calibrate;2;0;0.2;0.25;49;1761;29222;7;5;6;98;148;165;87;0.52973;0.372624;98;444;472;107;0.478049;0.17193;0;0;0;0;0;0;calibrate(A,B,C,D):-init_calibration_target(B,C,D),init_on_board(B,A,D).;0.921377;04/11/2021 15:20
satellite;calibrate;2;0;0.2;0.25;49;1761;29222;7;5;6;98;218;95;87;0.52973;0.507772;98;489;427;107;0.478049;0.186667;0;0;0;0;0;0;calibrate(A,B,C,D):-init_calibration_target(B,C,D),init_supports(B,E,D),goal_pointing(A,F,D),goal_have_image(F,E,D). | calibrate(A,B,C,D):-init_calibration_target(B,C,D),init_supports(B,G,D),init_supports(B,E,D),goal_have_image(F,E,D),goal_have_image(F,G,D),init_on_board(B,A,D).;825.95514;04/11/2021 15:20
satellite;calibrate;2;0;0.2;0.5;97;4011;57025;7;5;6;28;637;14;302;0.084848;0.666667;15;903;13;190;0.073171;0.535714;0;0;0;0;0;0;calibrate(A,B,C,D):-init_on_board(B,A,D),init_pointing(A,C,D).;0.920788;04/11/2021 15:20
satellite;calibrate;2;0;0.2;0.5;97;4011;57025;7;5;6;180;290;361;150;0.545455;0.332717;98;444;472;107;0.478049;0.17193;0;0;0;0;0;0;calibrate(A,B,C,D):-init_on_board(B,A,D),init_calibration_target(B,C,D).;0.975956;04/11/2021 15:20
satellite;calibrate;2;0;0.2;0.5;97;4011;57025;7;5;6;180;413;238;150;0.545455;0.430622;98;489;427;107;0.478049;0.186667;0;0;0;0;0;0;calibrate(A,B,C,D):-init_pointing(A,F,D),goal_pointing(A,E,D),goal_have_image(F,G,D),goal_have_image(E,G,D),init_calibration_target(B,C,D). | calibrate(A,B,C,D):-init_on_board(B,A,D),init_supports(B,G,D),init_supports(B,F,D),goal_have_image(E,G,D),goal_have_image(E,F,D),init_calibration_target(B,C,D).;134.98436;04/11/2021 15:20
satellite;calibrate;2;0;0.2;0.75;145;6352;84993;7;6;6;269;408;466;239;0.529528;0.365986;98;444;472;107;0.478049;0.17193;0;0;0;0;0;0;calibrate(A,B,C,D):-init_calibration_target(B,C,D),init_power_avail(A,D).;1.233091;04/11/2021 16:20
satellite;calibrate;2;0;0.2;0.75;145;6352;84993;7;6;6;269;557;317;239;0.529528;0.459044;98;489;427;107;0.478049;0.186667;0;0;0;0;0;0;calibrate(A,B,C,D):-goal_pointing(A,E,D),init_supports(B,F,D),init_pointing(A,C,D),goal_have_image(E,F,D). | calibrate(A,B,C,D):-init_calibration_target(B,C,D),goal_have_image(G,E,D),goal_have_image(G,F,D),init_supports(B,E,D),init_power_avail(A,D),init_supports(B,F,D).;160.7618;04/11/2021 16:20
satellite;calibrate;2;0;0.2;0.75;145;6352;84993;7;6;6;269;557;317;239;0.529528;0.459044;98;489;427;107;0.478049;0.186667;0;0;0;0;0;0;calibrate(A,B,C,D):-init_pointing(A,C,D),goal_have_image(E,F,D),init_supports(B,F,D),goal_pointing(A,E,D). | calibrate(A,B,C,D):-goal_have_image(G,F,D),init_calibration_target(B,C,D),init_power_avail(A,D),init_supports(B,F,D),init_supports(B,E,D),goal_have_image(G,E,D).;111.66332;04/11/2021 16:20
satellite;calibrate;2;0;0.2;1;193;8362;113576;7;6;6;351;585;625;312;0.529412;0.359631;98;444;472;107;0.478049;0.17193;0;0;0;0;0;0;calibrate(A,B,C,D):-init_power_avail(A,D),init_calibration_target(B,C,D).;1.202406;04/11/2021 16:20
satellite;calibrate;2;0;0.2;1;193;8362;113576;7;6;6;351;777;433;312;0.529412;0.447704;98;489;427;107;0.478049;0.186667;0;0;0;0;0;0;calibrate(A,B,C,D):-init_pointing(A,G,D),init_pointing(E,C,D),goal_pointing(E,C,D),goal_have_image(G,F,D),init_supports(B,F,D). | calibrate(A,B,C,D):-init_power_avail(A,D),init_supports(B,E,D),init_calibration_target(B,C,D),goal_have_image(F,E,D),init_supports(B,G,D),goal_have_image(F,G,D).;1043.7711;04/11/2021 16:20
satellite;calibrate;2;0;0.2;1;193;8362;113576;7;6;6;351;777;433;312;0.529412;0.447704;98;489;427;107;0.478049;0.186667;0;0;0;0;0;0;calibrate(A,B,C,D):-goal_pointing(E,C,D),init_pointing(E,C,D),goal_have_image(G,F,D),init_supports(B,F,D),init_pointing(A,G,D). | calibrate(A,B,C,D):-init_supports(B,G,D),goal_have_image(F,E,D),init_calibration_target(B,C,D),goal_have_image(F,G,D),init_power_avail(A,D),init_supports(B,E,D).;1835.8948;04/11/2021 16:20
satellite;calibrate;2;0;0.2;0.25;49;1761;29222;7;6;6;98;148;165;87;0.52973;0.372624;98;444;472;107;0.478049;0.17193;0;0;0;0;0;0;calibrate(A,B,C,D):-init_power_avail(A,D),init_calibration_target(B,C,D).;1.158606;04/11/2021 16:20
satellite;calibrate;2;0;0.2;0.25;49;1761;29222;7;6;6;98;218;95;87;0.52973;0.507772;98;489;427;107;0.478049;0.186667;0;0;0;0;0;0;calibrate(A,B,C,D):-goal_have_image(F,E,D),init_calibration_target(B,C,D),goal_pointing(A,F,D),init_supports(B,E,D). | calibrate(A,B,C,D):-goal_have_image(E,F,D),init_supports(B,G,D),goal_have_image(E,G,D),init_power_avail(A,D),init_supports(B,F,D),init_calibration_target(B,C,D).;240.36835;04/11/2021 16:20
satellite;calibrate;2;0;0.2;0.25;49;1761;29222;7;6;6;98;218;95;87;0.52973;0.507772;98;489;427;107;0.478049;0.186667;0;0;0;0;0;0;calibrate(A,B,C,D):-init_calibration_target(B,C,D),init_supports(B,E,D),goal_pointing(A,F,D),goal_have_image(F,E,D). | calibrate(A,B,C,D):-init_calibration_target(B,C,D),init_supports(B,G,D),init_supports(B,E,D),goal_have_image(F,E,D),goal_have_image(F,G,D),init_on_board(B,A,D).;825.95514;04/11/2021 16:20
satellite;calibrate;2;0;0.2;0.5;97;4011;57025;7;6;6;180;290;361;150;0.545455;0.332717;98;444;472;107;0.478049;0.17193;0;0;0;0;0;0;calibrate(A,B,C,D):-init_power_avail(A,D),init_calibration_target(B,C,D).;1.095456;04/11/2021 16:20
satellite;calibrate;2;0;0.2;0.5;97;4011;57025;7;6;6;180;413;238;150;0.545455;0.430622;98;489;427;107;0.478049;0.186667;0;0;0;0;0;0;calibrate(A,B,C,D):-init_pointing(G,C,D),goal_have_image(F,E,D),goal_pointing(A,F,D),init_supports(B,E,D),goal_pointing(G,F,D). | calibrate(A,B,C,D):-init_supports(B,F,D),init_calibration_target(B,C,D),goal_have_image(G,E,D),init_on_board(B,A,D),init_supports(B,E,D),goal_have_image(G,F,D).;645.6487;04/11/2021 16:20
satellite;calibrate;2;0;0.2;0.5;97;4011;57025;7;6;6;180;413;238;150;0.545455;0.430622;98;489;427;107;0.478049;0.186667;0;0;0;0;0;0;calibrate(A,B,C,D):-init_pointing(A,F,D),goal_pointing(A,E,D),goal_have_image(F,G,D),goal_have_image(E,G,D),init_calibration_target(B,C,D). | calibrate(A,B,C,D):-init_on_board(B,A,D),init_supports(B,G,D),init_supports(B,F,D),goal_have_image(E,G,D),goal_have_image(E,F,D),init_calibration_target(B,C,D).;134.98436;04/11/2021 16:20
satellite;calibrate;2;0;0.2;0.75;145;6352;84993;8;5;5;269;408;466;239;0.529528;0.365986;98;444;472;107;0.478049;0.17193;0;0;0;0;0;0;calibrate(A,B,C,D):-init_calibration_target(B,C,D),init_on_board(B,A,D).;1.555242;04/11/2021 16:50
satellite;calibrate;2;0;0.2;0.75;145;6352;84993;8;5;5;269;557;317;239;0.529528;0.459044;98;489;427;107;0.478049;0.186667;0;0;0;0;0;0;calibrate(A,B,C,D):-goal_pointing(A,E,D),init_supports(B,F,D),init_pointing(A,C,D),goal_have_image(E,F,D). | calibrate(A,B,C,D):-init_calibration_target(B,C,D),goal_have_image(G,E,D),goal_have_image(G,F,D),init_supports(B,E,D),init_power_avail(A,D),init_supports(B,F,D).;160.7618;04/11/2021 16:50
satellite;calibrate;2;0;0.2;0.75;145;6352;84993;8;5;5;269;557;317;239;0.529528;0.459044;98;489;427;107;0.478049;0.186667;0;0;0;0;0;0;calibrate(A,B,C,D):-init_pointing(A,C,D),goal_have_image(E,F,D),init_supports(B,F,D),goal_pointing(A,E,D). | calibrate(A,B,C,D):-goal_have_image(G,F,D),init_calibration_target(B,C,D),init_power_avail(A,D),init_supports(B,F,D),init_supports(B,E,D),goal_have_image(G,E,D).;111.66332;04/11/2021 16:50
satellite;calibrate;2;0;0.2;1;193;8362;113576;8;5;5;350;585;625;313;0.527903;0.358974;98;444;472;107;0.478049;0.17193;0;0;0;0;0;0;calibrate(A,B,C,D):-init_calibration_target(B,C,D),init_on_board(B,A,D).;1.592518;04/11/2021 16:50
satellite;calibrate;2;0;0.2;1;193;8362;113576;8;5;5;351;585;625;312;0.529412;0.359631;98;444;472;107;0.478049;0.17193;0;0;0;0;0;0;calibrate(A,B,C,D):-init_power_avail(A,D),init_calibration_target(B,C,D).;1.807905;04/11/2021 16:50
satellite;calibrate;2;0;0.2;1;193;8362;113576;8;5;5;351;777;433;312;0.529412;0.447704;98;489;427;107;0.478049;0.186667;0;0;0;0;0;0;calibrate(A,B,C,D):-goal_pointing(E,C,D),init_pointing(E,C,D),goal_have_image(G,F,D),init_supports(B,F,D),init_pointing(A,G,D). | calibrate(A,B,C,D):-init_supports(B,G,D),goal_have_image(F,E,D),init_calibration_target(B,C,D),goal_have_image(F,G,D),init_power_avail(A,D),init_supports(B,E,D).;1835.8948;04/11/2021 16:50
satellite;calibrate;2;0;0.2;0.25;49;1761;29222;8;5;5;98;148;165;87;0.52973;0.372624;98;444;472;107;0.478049;0.17193;0;0;0;0;0;0;calibrate(A,B,C,D):-init_calibration_target(B,C,D),init_on_board(B,A,D).;1.461583;04/11/2021 16:50
satellite;calibrate;2;0;0.2;0.25;49;1761;29222;8;5;5;98;218;95;87;0.52973;0.507772;98;489;427;107;0.478049;0.186667;0;0;0;0;0;0;calibrate(A,B,C,D):-goal_have_image(F,E,D),init_calibration_target(B,C,D),goal_pointing(A,F,D),init_supports(B,E,D). | calibrate(A,B,C,D):-goal_have_image(E,F,D),init_supports(B,G,D),goal_have_image(E,G,D),init_power_avail(A,D),init_supports(B,F,D),init_calibration_target(B,C,D).;240.36835;04/11/2021 16:50
satellite;calibrate;2;0;0.2;0.25;49;1761;29222;8;5;5;98;218;95;87;0.52973;0.507772;98;489;427;107;0.478049;0.186667;0;0;0;0;0;0;calibrate(A,B,C,D):-init_calibration_target(B,C,D),init_supports(B,E,D),goal_pointing(A,F,D),goal_have_image(F,E,D). | calibrate(A,B,C,D):-init_calibration_target(B,C,D),init_supports(B,G,D),init_supports(B,E,D),goal_have_image(F,E,D),goal_have_image(F,G,D),init_on_board(B,A,D).;825.95514;04/11/2021 16:50
satellite;calibrate;2;0;0.2;0.5;97;4011;57025;8;5;5;180;290;361;150;0.545455;0.332717;98;444;472;107;0.478049;0.17193;0;0;0;0;0;0;calibrate(A,B,C,D):-init_on_board(B,A,D),init_calibration_target(B,C,D).;1.508995;04/11/2021 16:50
satellite;calibrate;2;0;0.2;0.5;97;4011;57025;8;5;5;180;413;238;150;0.545455;0.430622;98;489;427;107;0.478049;0.186667;0;0;0;0;0;0;calibrate(A,B,C,D):-init_pointing(G,C,D),goal_have_image(F,E,D),goal_pointing(A,F,D),init_supports(B,E,D),goal_pointing(G,F,D). | calibrate(A,B,C,D):-init_supports(B,F,D),init_calibration_target(B,C,D),goal_have_image(G,E,D),init_on_board(B,A,D),init_supports(B,E,D),goal_have_image(G,F,D).;645.6487;04/11/2021 16:50
satellite;calibrate;2;0;0.2;0.5;97;4011;57025;8;5;5;180;413;238;150;0.545455;0.430622;98;489;427;107;0.478049;0.186667;0;0;0;0;0;0;calibrate(A,B,C,D):-init_pointing(A,F,D),goal_pointing(A,E,D),goal_have_image(F,G,D),goal_have_image(E,G,D),init_calibration_target(B,C,D). | calibrate(A,B,C,D):-init_on_board(B,A,D),init_supports(B,G,D),init_supports(B,F,D),goal_have_image(E,G,D),goal_have_image(E,F,D),init_calibration_target(B,C,D).;134.98436;04/11/2021 16:50
satellite;calibrate;2;0;0.2;0.75;145;6352;84993;8;6;5;38;856;18;470;0.074803;0.678571;15;903;13;190;0.073171;0.535714;0;0;0;0;0;0;calibrate(A,B,C,D):-init_on_board(B,A,D),init_pointing(A,C,D).;1.919108;04/11/2021 17:50
satellite;calibrate;2;0;0.2;0.75;145;6352;84993;8;6;5;269;408;466;239;0.529528;0.365986;98;444;472;107;0.478049;0.17193;0;0;0;0;0;0;calibrate(A,B,C,D):-init_calibration_target(B,C,D),init_power_avail(A,D).;2.118446;04/11/2021 17:50
satellite;calibrate;2;0;0.2;0.75;145;6352;84993;8;6;5;269;557;317;239;0.529528;0.459044;98;489;427;107;0.478049;0.186667;0;0;0;0;0;0;calibrate(A,B,C,D):-init_pointing(A,C,D),goal_have_image(E,F,D),init_supports(B,F,D),goal_pointing(A,E,D). | calibrate(A,B,C,D):-goal_have_image(G,F,D),init_calibration_target(B,C,D),init_power_avail(A,D),init_supports(B,F,D),init_supports(B,E,D),goal_have_image(G,E,D).;111.66332;04/11/2021 17:50
satellite;calibrate;2;0;0.2;1;193;8362;113576;8;6;5;49;1184;26;614;0.073906;0.653333;15;903;13;190;0.073171;0.535714;0;0;0;0;0;0;calibrate(A,B,C,D):-init_on_board(B,A,D),init_pointing(A,C,D).;1.941349;04/11/2021 17:50
satellite;calibrate;2;0;0.2;1;193;8362;113576;8;6;5;351;585;625;312;0.529412;0.359631;98;444;472;107;0.478049;0.17193;0;0;0;0;0;0;calibrate(A,B,C,D):-init_calibration_target(B,C,D),init_power_avail(A,D).;2.15178;04/11/2021 17:50
satellite;calibrate;2;0;0.2;1;193;8362;113576;8;6;5;351;777;433;312;0.529412;0.447704;98;489;427;107;0.478049;0.186667;0;0;0;0;0;0;calibrate(A,B,C,D):-goal_pointing(E,C,D),init_pointing(E,C,D),goal_have_image(G,F,D),init_supports(B,F,D),init_pointing(A,G,D). | calibrate(A,B,C,D):-init_supports(B,G,D),goal_have_image(F,E,D),init_calibration_target(B,C,D),goal_have_image(F,G,D),init_power_avail(A,D),init_supports(B,E,D).;1835.8948;04/11/2021 17:50
satellite;calibrate;2;0;0.2;0.25;49;1761;29222;8;6;5;8;306;7;177;0.043243;0.533333;15;903;13;190;0.073171;0.535714;0;0;0;0;0;0;calibrate(A,B,C,D):-init_on_board(B,A,D),init_pointing(A,C,D).;1.812752;04/11/2021 17:50
satellite;calibrate;2;0;0.2;0.25;49;1761;29222;8;6;5;98;148;165;87;0.52973;0.372624;98;444;472;107;0.478049;0.17193;0;0;0;0;0;0;calibrate(A,B,C,D):-init_power_avail(A,D),init_calibration_target(B,C,D).;1.988658;04/11/2021 17:50
satellite;calibrate;2;0;0.2;0.25;49;1761;29222;8;6;5;98;218;95;87;0.52973;0.507772;98;489;427;107;0.478049;0.186667;0;0;0;0;0;0;calibrate(A,B,C,D):-init_calibration_target(B,C,D),init_supports(B,E,D),goal_pointing(A,F,D),goal_have_image(F,E,D). | calibrate(A,B,C,D):-init_calibration_target(B,C,D),init_supports(B,G,D),init_supports(B,E,D),goal_have_image(F,E,D),goal_have_image(F,G,D),init_on_board(B,A,D).;825.95514;04/11/2021 17:50
satellite;calibrate;2;0;0.2;0.5;97;4011;57025;8;6;5;28;637;14;302;0.084848;0.666667;15;903;13;190;0.073171;0.535714;0;0;0;0;0;0;calibrate(A,B,C,D):-init_pointing(A,C,D),init_on_board(B,A,D).;1.89612;04/11/2021 17:50
satellite;calibrate;2;0;0.2;0.5;97;4011;57025;8;6;5;180;290;361;150;0.545455;0.332717;98;444;472;107;0.478049;0.17193;0;0;0;0;0;0;calibrate(A,B,C,D):-init_calibration_target(B,C,D),init_power_avail(A,D).;2.088045;04/11/2021 17:50
satellite;calibrate;2;0;0.2;0.5;97;4011;57025;8;6;5;180;413;238;150;0.545455;0.430622;98;489;427;107;0.478049;0.186667;0;0;0;0;0;0;calibrate(A,B,C,D):-init_pointing(A,F,D),goal_pointing(A,E,D),goal_have_image(F,G,D),goal_have_image(E,G,D),init_calibration_target(B,C,D). | calibrate(A,B,C,D):-init_on_board(B,A,D),init_supports(B,G,D),init_supports(B,F,D),goal_have_image(E,G,D),goal_have_image(E,F,D),init_calibration_target(B,C,D).;134.98436;04/11/2021 17:50
satellite;calibrate;2;0;0.2;0.75;145;6352;84993;8;7;5;269;408;466;239;0.529528;0.365986;98;444;472;107;0.478049;0.17193;0;0;0;0;0;0;calibrate(A,B,C,D):-init_on_board(B,A,D),init_calibration_target(B,C,D).;2.328535;04/11/2021 18:50
satellite;calibrate;2;0;0.2;0.75;145;6352;84993;8;7;5;269;408;466;239;0.529528;0.365986;98;444;472;107;0.478049;0.17193;0;0;0;0;0;0;calibrate(A,B,C,D):-init_calibration_target(B,C,D),init_power_avail(A,D).;2.118446;04/11/2021 18:50
satellite;calibrate;2;0;0.2;0.75;145;6352;84993;8;7;5;269;557;317;239;0.529528;0.459044;98;489;427;107;0.478049;0.186667;0;0;0;0;0;0;calibrate(A,B,C,D):-init_pointing(A,C,D),goal_have_image(E,F,D),init_supports(B,F,D),goal_pointing(A,E,D). | calibrate(A,B,C,D):-goal_have_image(G,F,D),init_calibration_target(B,C,D),init_power_avail(A,D),init_supports(B,F,D),init_supports(B,E,D),goal_have_image(G,E,D).;111.66332;04/11/2021 18:50
satellite;calibrate;2;0;0.2;1;193;8362;113576;8;7;5;350;585;625;313;0.527903;0.358974;98;444;472;107;0.478049;0.17193;0;0;0;0;0;0;calibrate(A,B,C,D):-init_calibration_target(B,C,D),init_on_board(B,A,D).;2.309157;04/11/2021 18:50
satellite;calibrate;2;0;0.2;1;193;8362;113576;8;7;5;351;585;625;312;0.529412;0.359631;98;444;472;107;0.478049;0.17193;0;0;0;0;0;0;calibrate(A,B,C,D):-init_calibration_target(B,C,D),init_power_avail(A,D).;2.641323;04/11/2021 18:50
satellite;calibrate;2;0;0.2;1;193;8362;113576;8;7;5;351;777;433;312;0.529412;0.447704;98;489;427;107;0.478049;0.186667;0;0;0;0;0;0;calibrate(A,B,C,D):-goal_pointing(E,C,D),init_pointing(E,C,D),goal_have_image(G,F,D),init_supports(B,F,D),init_pointing(A,G,D). | calibrate(A,B,C,D):-init_supports(B,G,D),goal_have_image(F,E,D),init_calibration_target(B,C,D),goal_have_image(F,G,D),init_power_avail(A,D),init_supports(B,E,D).;1835.8948;04/11/2021 18:50
satellite;calibrate;2;0;0.2;0.25;49;1761;29222;8;7;5;98;148;165;87;0.52973;0.372624;98;444;472;107;0.478049;0.17193;0;0;0;0;0;0;calibrate(A,B,C,D):-init_calibration_target(B,C,D),init_on_board(B,A,D).;2.22157;04/11/2021 18:50
satellite;calibrate;2;0;0.2;0.25;49;1761;29222;8;7;5;98;148;165;87;0.52973;0.372624;98;444;472;107;0.478049;0.17193;0;0;0;0;0;0;calibrate(A,B,C,D):-init_power_avail(A,D),init_calibration_target(B,C,D).;1.988658;04/11/2021 18:50
satellite;calibrate;2;0;0.2;0.25;49;1761;29222;8;7;5;98;218;95;87;0.52973;0.507772;98;489;427;107;0.478049;0.186667;0;0;0;0;0;0;calibrate(A,B,C,D):-init_calibration_target(B,C,D),init_supports(B,E,D),goal_pointing(A,F,D),goal_have_image(F,E,D). | calibrate(A,B,C,D):-init_calibration_target(B,C,D),init_supports(B,G,D),init_supports(B,E,D),goal_have_image(F,E,D),goal_have_image(F,G,D),init_on_board(B,A,D).;825.95514;04/11/2021 18:50
satellite;calibrate;2;0;0.2;0.5;97;4011;57025;8;7;5;180;290;361;150;0.545455;0.332717;98;444;472;107;0.478049;0.17193;0;0;0;0;0;0;calibrate(A,B,C,D):-init_on_board(B,A,D),init_calibration_target(B,C,D).;2.283759;04/11/2021 18:50
satellite;calibrate;2;0;0.2;0.5;97;4011;57025;8;7;5;180;290;361;150;0.545455;0.332717;98;444;472;107;0.478049;0.17193;0;0;0;0;0;0;calibrate(A,B,C,D):-init_calibration_target(B,C,D),init_power_avail(A,D).;2.088045;04/11/2021 18:50
satellite;calibrate;2;0;0.2;0.5;97;4011;57025;8;7;5;180;413;238;150;0.545455;0.430622;98;489;427;107;0.478049;0.186667;0;0;0;0;0;0;calibrate(A,B,C,D):-init_pointing(A,F,D),goal_pointing(A,E,D),goal_have_image(F,G,D),goal_have_image(E,G,D),init_calibration_target(B,C,D). | calibrate(A,B,C,D):-init_on_board(B,A,D),init_supports(B,G,D),init_supports(B,F,D),goal_have_image(E,G,D),goal_have_image(E,F,D),init_calibration_target(B,C,D).;134.98436;04/11/2021 18:50
satellite;calibrate;2;0;0.2;0.75;145;6352;84993;8;5;6;269;408;466;239;0.529528;0.365986;98;444;472;107;0.478049;0.17193;0;0;0;0;0;0;calibrate(A,B,C,D):-init_on_board(B,A,D),init_calibration_target(B,C,D).;1.564012;04/11/2021 19:50
satellite;calibrate;2;0;0.2;0.75;145;6352;84993;8;5;6;269;557;317;239;0.529528;0.459044;98;489;427;107;0.478049;0.186667;0;0;0;0;0;0;calibrate(A,B,C,D):-init_supports(B,E,D),goal_have_image(F,H,D),init_on_board(G,A,D),init_calibration_target(G,C,D),init_supports(G,H,D),goal_have_image(F,E,D).;127.62729;04/11/2021 19:50
satellite;calibrate;2;0;0.2;0.75;145;6352;84993;8;5;6;269;557;317;239;0.529528;0.459044;98;489;427;107;0.478049;0.186667;0;0;0;0;0;0;calibrate(A,B,C,D):-init_pointing(A,C,D),goal_have_image(E,F,D),init_supports(B,F,D),goal_pointing(A,E,D). | calibrate(A,B,C,D):-goal_have_image(G,F,D),init_calibration_target(B,C,D),init_power_avail(A,D),init_supports(B,F,D),init_supports(B,E,D),goal_have_image(G,E,D).;111.66332;04/11/2021 19:50
satellite;calibrate;2;0;0.2;1;193;8362;113576;8;5;6;350;585;625;313;0.527903;0.358974;98;444;472;107;0.478049;0.17193;0;0;0;0;0;0;calibrate(A,B,C,D):-init_calibration_target(B,C,D),init_on_board(B,A,D).;1.585502;04/11/2021 19:50
satellite;calibrate;2;0;0.2;1;193;8362;113576;8;5;6;351;585;625;312;0.529412;0.359631;98;444;472;107;0.478049;0.17193;0;0;0;0;0;0;calibrate(A,B,C,D):-init_calibration_target(B,C,D),init_power_avail(A,D).;1.800291;04/11/2021 19:50
satellite;calibrate;2;0;0.2;1;193;8362;113576;8;5;6;351;777;433;312;0.529412;0.447704;98;489;427;107;0.478049;0.186667;0;0;0;0;0;0;calibrate(A,B,C,D):-init_supports(B,E,D),goal_have_image(G,F,D),init_on_board(H,A,D),init_supports(H,F,D),init_calibration_target(H,C,D),goal_have_image(G,E,D).;402.09888;04/11/2021 19:50
satellite;calibrate;2;0;0.2;0.25;49;1761;29222;8;5;6;98;148;165;87;0.52973;0.372624;98;444;472;107;0.478049;0.17193;0;0;0;0;0;0;calibrate(A,B,C,D):-init_calibration_target(B,C,D),init_on_board(B,A,D).;1.461218;04/11/2021 19:50
satellite;calibrate;2;0;0.2;0.25;49;1761;29222;8;5;6;98;218;95;87;0.52973;0.507772;98;489;427;107;0.478049;0.186667;0;0;0;0;0;0;calibrate(A,B,C,D):-init_supports(B,E,D),goal_have_image(H,E,D),init_on_board(F,A,D),init_calibration_target(F,C,D),init_supports(B,G,D),goal_have_image(H,G,D).;88.80435;04/11/2021 19:50
satellite;calibrate;2;0;0.2;0.25;49;1761;29222;8;5;6;98;218;95;87;0.52973;0.507772;98;489;427;107;0.478049;0.186667;0;0;0;0;0;0;calibrate(A,B,C,D):-init_calibration_target(B,C,D),init_supports(B,E,D),goal_pointing(A,F,D),goal_have_image(F,E,D). | calibrate(A,B,C,D):-init_calibration_target(B,C,D),init_supports(B,G,D),init_supports(B,E,D),goal_have_image(F,E,D),goal_have_image(F,G,D),init_on_board(B,A,D).;825.95514;04/11/2021 19:50
satellite;calibrate;2;0;0.2;0.5;97;4011;57025;8;5;6;180;290;361;150;0.545455;0.332717;98;444;472;107;0.478049;0.17193;0;0;0;0;0;0;calibrate(A,B,C,D):-init_on_board(B,A,D),init_calibration_target(B,C,D).;1.540509;04/11/2021 19:50
satellite;calibrate;2;0;0.2;0.5;97;4011;57025;8;5;6;180;413;238;150;0.545455;0.430622;98;489;427;107;0.478049;0.186667;0;0;0;0;0;0;calibrate(A,B,C,D):-init_supports(F,H,D),goal_have_image(E,G,D),init_on_board(F,A,D),init_calibration_target(B,C,D),init_supports(B,G,D),goal_have_image(E,H,D).;97.67886;04/11/2021 19:50
satellite;calibrate;2;0;0.2;0.5;97;4011;57025;8;5;6;180;413;238;150;0.545455;0.430622;98;489;427;107;0.478049;0.186667;0;0;0;0;0;0;calibrate(A,B,C,D):-init_pointing(A,F,D),goal_pointing(A,E,D),goal_have_image(F,G,D),goal_have_image(E,G,D),init_calibration_target(B,C,D). | calibrate(A,B,C,D):-init_on_board(B,A,D),init_supports(B,G,D),init_supports(B,F,D),goal_have_image(E,G,D),goal_have_image(E,F,D),init_calibration_target(B,C,D).;134.98436;04/11/2021 19:50
satellite;calibrate;2;0;0.2;0.75;145;6352;84993;8;6;6;38;856;18;470;0.074803;0.678571;15;903;13;190;0.073171;0.535714;0;0;0;0;0;0;calibrate(A,B,C,D):-init_on_board(B,A,D),init_pointing(A,C,D).;1.935424;04/11/2021 20:50
satellite;calibrate;2;0;0.2;0.75;145;6352;84993;8;6;6;269;408;466;239;0.529528;0.365986;98;444;472;107;0.478049;0.17193;0;0;0;0;0;0;calibrate(A,B,C,D):-init_power_avail(A,D),init_calibration_target(B,C,D).;2.139719;04/11/2021 20:50
satellite;calibrate;2;0;0.2;0.75;145;6352;84993;8;6;6;269;557;317;239;0.529528;0.459044;98;489;427;107;0.478049;0.186667;0;0;0;0;0;0;calibrate(A,B,C,D):-init_supports(B,G,D),init_supports(H,F,D),goal_have_image(E,G,D),init_calibration_target(H,C,D),goal_have_image(E,F,D),init_on_board(H,A,D).;345.74957;04/11/2021 20:50
satellite;calibrate;2;0;0.2;1;193;8362;113576;8;6;6;49;1184;26;614;0.073906;0.653333;15;903;13;190;0.073171;0.535714;0;0;0;0;0;0;calibrate(A,B,C,D):-init_pointing(A,C,D),init_on_board(B,A,D).;1.974609;04/11/2021 20:50
satellite;calibrate;2;0;0.2;1;193;8362;113576;8;6;6;351;585;625;312;0.529412;0.359631;98;444;472;107;0.478049;0.17193;0;0;0;0;0;0;calibrate(A,B,C,D):-init_power_avail(A,D),init_calibration_target(B,C,D).;2.188146;04/11/2021 20:50
satellite;calibrate;2;0;0.2;1;193;8362;113576;8;6;6;351;777;433;312;0.529412;0.447704;98;489;427;107;0.478049;0.186667;0;0;0;0;0;0;calibrate(A,B,C,D):-init_supports(F,E,D),init_on_board(F,A,D),goal_have_image(G,E,D),init_calibration_target(F,C,D),goal_have_image(G,H,D),init_supports(B,H,D).;376.91708;04/11/2021 20:50
satellite;calibrate;2;0;0.2;0.25;49;1761;29222;8;6;6;8;306;7;177;0.043243;0.533333;15;903;13;190;0.073171;0.535714;0;0;0;0;0;0;calibrate(A,B,C,D):-init_pointing(A,C,D),init_on_board(B,A,D).;1.877634;04/11/2021 20:50
satellite;calibrate;2;0;0.2;0.25;49;1761;29222;8;6;6;98;148;165;87;0.52973;0.372624;98;444;472;107;0.478049;0.17193;0;0;0;0;0;0;calibrate(A,B,C,D):-init_power_avail(A,D),init_calibration_target(B,C,D).;2.050542;04/11/2021 20:50
satellite;calibrate;2;0;0.2;0.25;49;1761;29222;8;6;6;98;187;126;87;0.52973;0.4375;98;456;460;107;0.478049;0.175627;0;0;0;0;0;0;calibrate(A,B,C,D):-goal_have_image(F,G,D),init_on_board(H,A,D),init_supports(H,E,D),goal_have_image(F,E,D),init_supports(H,G,D),init_calibration_target(B,C,D).;93.781815;04/11/2021 20:50
satellite;calibrate;2;0;0.2;0.25;49;1761;29222;8;6;6;98;218;95;87;0.52973;0.507772;98;489;427;107;0.478049;0.186667;0;0;0;0;0;0;calibrate(A,B,C,D):-goal_have_image(F,G,D),init_on_board(H,A,D),goal_have_image(F,E,D),init_calibration_target(B,C,D),init_supports(H,E,D),init_supports(B,G,D).;93.87892;04/11/2021 20:50
satellite;calibrate;2;0;0.2;0.5;97;4011;57025;8;6;6;28;637;14;302;0.084848;0.666667;15;903;13;190;0.073171;0.535714;0;0;0;0;0;0;calibrate(A,B,C,D):-init_on_board(B,A,D),init_pointing(A,C,D).;1.933463;04/11/2021 20:50
satellite;calibrate;2;0;0.2;0.5;97;4011;57025;8;6;6;180;290;361;150;0.545455;0.332717;98;444;472;107;0.478049;0.17193;0;0;0;0;0;0;calibrate(A,B,C,D):-init_calibration_target(B,C,D),init_power_avail(A,D).;2.13307;04/11/2021 20:50
satellite;calibrate;2;0;0.2;0.5;97;4011;57025;8;6;6;180;353;298;150;0.545455;0.376569;98;453;463;107;0.478049;0.174688;0;0;0;0;0;0;calibrate(A,B,C,D):-goal_have_image(F,E,D),init_supports(H,E,D),init_on_board(B,A,D),init_calibration_target(H,C,D),goal_have_image(F,G,D),init_supports(H,G,D).;324.93826;04/11/2021 20:50
satellite;calibrate;2;0;0.2;0.5;97;4011;57025;8;6;6;180;413;238;150;0.545455;0.430622;98;489;427;107;0.478049;0.186667;0;0;0;0;0;0;calibrate(A,B,C,D):-goal_have_image(F,E,D),init_supports(H,E,D),init_on_board(B,A,D),goal_have_image(F,G,D),init_calibration_target(H,C,D),init_supports(B,G,D).;325.6953;04/11/2021 20:50
satellite;calibrate;2;0;0.2;0.75;145;6352;84993;8;7;6;269;408;466;239;0.529528;0.365986;98;444;472;107;0.478049;0.17193;0;0;0;0;0;0;calibrate(A,B,C,D):-init_calibration_target(B,C,D),init_on_board(B,A,D).;2.337115;04/11/2021 21:50
satellite;calibrate;2;0;0.2;0.75;145;6352;84993;8;7;6;269;557;317;239;0.529528;0.459044;98;489;427;107;0.478049;0.186667;0;0;0;0;0;0;calibrate(A,B,C,D):-goal_have_image(F,H,D),init_calibration_target(G,C,D),goal_have_image(F,E,D),init_supports(B,H,D),init_on_board(G,A,D),init_supports(B,E,D).;130.95116;04/11/2021 21:50
satellite;calibrate;2;0;0.2;0.75;145;6352;84993;8;7;6;269;557;317;239;0.529528;0.459044;98;489;427;107;0.478049;0.186667;0;0;0;0;0;0;calibrate(A,B,C,D):-init_supports(B,G,D),init_supports(H,F,D),goal_have_image(E,G,D),init_calibration_target(H,C,D),goal_have_image(E,F,D),init_on_board(H,A,D).;345.74957;04/11/2021 21:50
satellite;calibrate;2;0;0.2;1;193;8362;113576;8;7;6;350;585;625;313;0.527903;0.358974;98;444;472;107;0.478049;0.17193;0;0;0;0;0;0;calibrate(A,B,C,D):-init_calibration_target(B,C,D),init_on_board(B,A,D).;2.326283;04/11/2021 21:50
satellite;calibrate;2;0;0.2;1;193;8362;113576;8;7;6;351;585;625;312;0.529412;0.359631;98;444;472;107;0.478049;0.17193;0;0;0;0;0;0;calibrate(A,B,C,D):-init_power_avail(A,D),init_calibration_target(B,C,D).;2.659208;04/11/2021 21:50
satellite;calibrate;2;0;0.2;1;193;8362;113576;8;7;6;351;777;433;312;0.529412;0.447704;98;489;427;107;0.478049;0.186667;0;0;0;0;0;0;calibrate(A,B,C,D):-goal_have_image(E,G,D),init_calibration_target(F,C,D),init_supports(B,G,D),init_on_board(F,A,D),init_supports(B,H,D),goal_have_image(E,H,D).;539.0448;04/11/2021 21:50
satellite;calibrate;2;0;0.2;0.25;49;1761;29222;8;7;6;98;148;165;87;0.52973;0.372624;98;444;472;107;0.478049;0.17193;0;0;0;0;0;0;calibrate(A,B,C,D):-init_calibration_target(B,C,D),init_on_board(B,A,D).;2.271773;04/11/2021 21:50
satellite;calibrate;2;0;0.2;0.25;49;1761;29222;8;7;6;98;218;95;87;0.52973;0.507772;98;489;427;107;0.478049;0.186667;0;0;0;0;0;0;calibrate(A,B,C,D):-goal_have_image(F,E,D),init_calibration_target(G,C,D),init_supports(B,H,D),init_on_board(G,A,D),goal_have_image(F,H,D),init_supports(B,E,D).;303.34064;04/11/2021 21:50
satellite;calibrate;2;0;0.2;0.25;49;1761;29222;8;7;6;98;187;126;87;0.52973;0.4375;98;456;460;107;0.478049;0.175627;0;0;0;0;0;0;calibrate(A,B,C,D):-goal_have_image(F,G,D),init_on_board(H,A,D),init_supports(H,E,D),goal_have_image(F,E,D),init_supports(H,G,D),init_calibration_target(B,C,D).;93.781815;04/11/2021 21:50
satellite;calibrate;2;0;0.2;0.25;49;1761;29222;8;7;6;98;218;95;87;0.52973;0.507772;98;489;427;107;0.478049;0.186667;0;0;0;0;0;0;calibrate(A,B,C,D):-goal_have_image(F,G,D),init_on_board(H,A,D),goal_have_image(F,E,D),init_calibration_target(B,C,D),init_supports(H,E,D),init_supports(B,G,D).;93.87892;04/11/2021 21:50
satellite;calibrate;2;0;0.2;0.5;97;4011;57025;8;7;6;180;290;361;150;0.545455;0.332717;98;444;472;107;0.478049;0.17193;0;0;0;0;0;0;calibrate(A,B,C,D):-init_on_board(B,A,D),init_calibration_target(B,C,D).;2.244992;04/11/2021 21:50
satellite;calibrate;2;0;0.2;0.5;97;4011;57025;8;7;6;180;353;298;150;0.545455;0.376569;98;453;463;107;0.478049;0.174688;0;0;0;0;0;0;calibrate(A,B,C,D):-init_supports(E,F,D),goal_have_image(H,F,D),init_supports(E,G,D),goal_have_image(H,G,D),init_on_board(B,A,D),init_calibration_target(E,C,D).;166.41055;04/11/2021 21:50
satellite;calibrate;2;0;0.2;0.5;97;4011;57025;8;7;6;180;413;238;150;0.545455;0.430622;98;489;427;107;0.478049;0.186667;0;0;0;0;0;0;calibrate(A,B,C,D):-goal_have_image(H,F,D),init_calibration_target(E,C,D),init_supports(E,G,D),goal_have_image(H,G,D),init_on_board(B,A,D),init_supports(B,F,D).;167.20251;04/11/2021 21:50
satellite;calibrate;2;0;0.2;0.5;97;4011;57025;8;7;6;180;413;238;150;0.545455;0.430622;98;489;427;107;0.478049;0.186667;0;0;0;0;0;0;calibrate(A,B,C,D):-goal_have_image(F,E,D),init_supports(H,E,D),init_on_board(B,A,D),goal_have_image(F,G,D),init_calibration_target(H,C,D),init_supports(B,G,D).;325.6953;04/11/2021 21:50
satellite;calibrate;2;0;0.2;0.75;145;6352;84993;8;5;7;269;408;466;239;0.529528;0.365986;98;444;472;107;0.478049;0.17193;0;0;0;0;0;0;calibrate(A,B,C,D):-init_on_board(B,A,D),init_calibration_target(B,C,D).;1.557603;04/11/2021 22:50
satellite;calibrate;2;0;0.2;0.75;145;6352;84993;8;5;7;269;484;390;239;0.529528;0.408194;98;453;463;107;0.478049;0.174688;0;0;0;0;0;0;calibrate(A,B,C,D):-init_on_board(B,A,D),init_supports(G,F,D),init_supports(G,H,D),goal_have_image(E,H,D),goal_have_image(E,F,D),init_calibration_target(G,C,D).;78.75407;04/11/2021 22:50
satellite;calibrate;2;0;0.2;0.75;145;6352;84993;8;5;7;269;557;317;239;0.529528;0.459044;98;489;427;107;0.478049;0.186667;0;0;0;0;0;0;calibrate(A,B,C,D):-init_on_board(B,A,D),init_supports(G,H,D),init_supports(B,F,D),goal_have_image(E,H,D),goal_have_image(E,F,D),init_calibration_target(G,C,D).;79.15318;04/11/2021 22:50
satellite;calibrate;2;0;0.2;1;193;8362;113576;8;5;7;351;585;625;312;0.529412;0.359631;98;444;472;107;0.478049;0.17193;0;0;0;0;0;0;calibrate(A,B,C,D):-init_on_board(B,A,D),init_calibration_target(B,C,D).;1.590357;04/11/2021 22:50
satellite;calibrate;2;0;0.2;1;193;8362;113576;8;5;7;351;684;526;312;0.529412;0.400228;98;453;463;107;0.478049;0.174688;0;0;0;0;0;0;calibrate(A,B,C,D):-init_on_board(B,A,D),init_calibration_target(E,C,D),goal_have_image(G,F,D),init_supports(E,F,D),init_supports(E,H,D),goal_have_image(G,H,D).;197.89261;04/11/2021 22:50
satellite;calibrate;2;0;0.2;1;193;8362;113576;8;5;7;351;777;433;312;0.529412;0.447704;98;489;427;107;0.478049;0.186667;0;0;0;0;0;0;calibrate(A,B,C,D):-init_on_board(B,A,D),init_calibration_target(E,C,D),goal_have_image(G,F,D),init_supports(E,H,D),goal_have_image(G,H,D),init_supports(B,F,D).;198.09702;04/11/2021 22:50
satellite;calibrate;2;0;0.2;0.25;49;1761;29222;8;5;7;98;148;165;87;0.52973;0.372624;98;444;472;107;0.478049;0.17193;0;0;0;0;0;0;calibrate(A,B,C,D):-init_on_board(B,A,D),init_calibration_target(B,C,D).;1.478327;04/11/2021 22:50
satellite;calibrate;2;0;0.2;0.25;49;1761;29222;8;5;7;98;218;95;87;0.52973;0.507772;98;489;427;107;0.478049;0.186667;0;0;0;0;0;0;calibrate(A,B,C,D):-init_supports(B,G,D),init_calibration_target(F,C,D),init_on_board(B,A,D),goal_have_image(E,H,D),goal_have_image(E,G,D),init_supports(F,H,D).;73.106804;04/11/2021 22:50
satellite;calibrate;2;0;0.2;0.25;49;1761;29222;8;5;7;98;187;126;87;0.52973;0.4375;98;456;460;107;0.478049;0.175627;0;0;0;0;0;0;calibrate(A,B,C,D):-goal_have_image(F,G,D),init_on_board(H,A,D),init_supports(H,E,D),goal_have_image(F,E,D),init_supports(H,G,D),init_calibration_target(B,C,D).;93.781815;04/11/2021 22:50
satellite;calibrate;2;0;0.2;0.25;49;1761;29222;8;5;7;98;218;95;87;0.52973;0.507772;98;489;427;107;0.478049;0.186667;0;0;0;0;0;0;calibrate(A,B,C,D):-goal_have_image(F,G,D),init_on_board(H,A,D),goal_have_image(F,E,D),init_calibration_target(B,C,D),init_supports(H,E,D),init_supports(B,G,D).;93.87892;04/11/2021 22:50
satellite;calibrate;2;0;0.2;0.5;97;4011;57025;8;5;7;180;290;361;150;0.545455;0.332717;98;444;472;107;0.478049;0.17193;0;0;0;0;0;0;calibrate(A,B,C,D):-init_calibration_target(B,C,D),init_on_board(B,A,D).;1.550976;04/11/2021 22:50
satellite;calibrate;2;0;0.2;0.5;97;4011;57025;8;5;7;180;413;238;150;0.545455;0.430622;98;489;427;107;0.478049;0.186667;0;0;0;0;0;0;calibrate(A,B,C,D):-goal_have_image(E,G,D),init_calibration_target(H,C,D),init_supports(B,F,D),goal_have_image(E,F,D),init_on_board(H,A,D),init_supports(H,G,D).;232.99377;04/11/2021 22:50
satellite;calibrate;2;0;0.2;0.5;97;4011;57025;8;5;7;180;413;238;150;0.545455;0.430622;98;489;427;107;0.478049;0.186667;0;0;0;0;0;0;calibrate(A,B,C,D):-goal_have_image(H,F,D),init_calibration_target(E,C,D),init_supports(E,G,D),goal_have_image(H,G,D),init_on_board(B,A,D),init_supports(B,F,D).;167.20251;04/11/2021 22:50
satellite;calibrate;2;0;0.2;0.5;97;4011;57025;8;5;7;180;413;238;150;0.545455;0.430622;98;489;427;107;0.478049;0.186667;0;0;0;0;0;0;calibrate(A,B,C,D):-goal_have_image(F,E,D),init_supports(H,E,D),init_on_board(B,A,D),goal_have_image(F,G,D),init_calibration_target(H,C,D),init_supports(B,G,D).;325.6953;04/11/2021 22:50
satellite;calibrate;2;0;0.2;0.75;145;6352;84993;8;6;7;269;408;466;239;0.529528;0.365986;98;444;472;107;0.478049;0.17193;0;0;0;0;0;0;calibrate(A,B,C,D):-init_on_board(B,A,D),init_calibration_target(B,C,D).;1.91801;04/11/2021 23:50
satellite;calibrate;2;0;0.2;0.75;145;6352;84993;8;6;7;269;557;317;239;0.529528;0.459044;98;489;427;107;0.478049;0.186667;0;0;0;0;0;0;calibrate(A,B,C,D):-goal_have_image(H,E,D),init_supports(G,E,D),init_on_board(B,A,D),init_supports(B,F,D),goal_have_image(H,F,D),init_calibration_target(G,C,D).;279.85214;04/11/2021 23:50
satellite;calibrate;2;0;0.2;0.75;145;6352;84993;8;6;7;269;557;317;239;0.529528;0.459044;98;489;427;107;0.478049;0.186667;0;0;0;0;0;0;calibrate(A,B,C,D):-init_on_board(B,A,D),init_supports(G,H,D),init_supports(B,F,D),goal_have_image(E,H,D),goal_have_image(E,F,D),init_calibration_target(G,C,D).;79.15318;04/11/2021 23:50
satellite;calibrate;2;0;0.2;1;193;8362;113576;8;6;7;350;585;625;313;0.527903;0.358974;98;444;472;107;0.478049;0.17193;0;0;0;0;0;0;calibrate(A,B,C,D):-init_calibration_target(B,C,D),init_on_board(B,A,D).;1.974834;04/11/2021 23:50
satellite;calibrate;2;0;0.2;1;193;8362;113576;8;6;7;351;585;625;312;0.529412;0.359631;98;444;472;107;0.478049;0.17193;0;0;0;0;0;0;calibrate(A,B,C,D):-init_power_avail(A,D),init_calibration_target(B,C,D).;2.213715;04/11/2021 23:50
satellite;calibrate;2;0;0.2;1;193;8362;113576;8;6;7;351;777;433;312;0.529412;0.447704;98;489;427;107;0.478049;0.186667;0;0;0;0;0;0;calibrate(A,B,C,D):-init_supports(H,F,D),init_on_board(B,A,D),goal_have_image(G,F,D),goal_have_image(G,E,D),init_calibration_target(H,C,D),init_supports(B,E,D).;232.49725;04/11/2021 23:50
satellite;calibrate;2;0;0.2;0.25;49;1761;29222;8;6;7;98;148;165;87;0.52973;0.372624;98;444;472;107;0.478049;0.17193;0;0;0;0;0;0;calibrate(A,B,C,D):-init_on_board(B,A,D),init_calibration_target(B,C,D).;1.822406;04/11/2021 23:50
satellite;calibrate;2;0;0.2;0.25;49;1761;29222;8;6;7;98;218;95;87;0.52973;0.507772;98;489;427;107;0.478049;0.186667;0;0;0;0;0;0;calibrate(A,B,C,D):-init_supports(H,F,D),init_supports(B,G,D),init_on_board(H,A,D),init_calibration_target(H,C,D),goal_have_image(E,G,D),goal_have_image(E,F,D).;278.70563;04/11/2021 23:50
satellite;calibrate;2;0;0.2;0.25;49;1761;29222;8;6;7;98;187;126;87;0.52973;0.4375;98;456;460;107;0.478049;0.175627;0;0;0;0;0;0;calibrate(A,B,C,D):-goal_have_image(F,G,D),init_on_board(H,A,D),init_supports(H,E,D),goal_have_image(F,E,D),init_supports(H,G,D),init_calibration_target(B,C,D).;93.781815;04/11/2021 23:50
satellite;calibrate;2;0;0.2;0.25;49;1761;29222;8;6;7;98;218;95;87;0.52973;0.507772;98;489;427;107;0.478049;0.186667;0;0;0;0;0;0;calibrate(A,B,C,D):-goal_have_image(F,G,D),init_on_board(H,A,D),goal_have_image(F,E,D),init_calibration_target(B,C,D),init_supports(H,E,D),init_supports(B,G,D).;93.87892;04/11/2021 23:50
satellite;calibrate;2;0;0.2;0.5;97;4011;57025;8;6;7;180;290;361;150;0.545455;0.332717;98;444;472;107;0.478049;0.17193;0;0;0;0;0;0;calibrate(A,B,C,D):-init_on_board(B,A,D),init_calibration_target(B,C,D).;1.894682;04/11/2021 23:50
satellite;calibrate;2;0;0.2;0.5;97;4011;57025;8;6;7;180;413;238;150;0.545455;0.430622;98;489;427;107;0.478049;0.186667;0;0;0;0;0;0;calibrate(A,B,C,D):-goal_have_image(G,F,D),init_supports(H,F,D),goal_have_image(G,E,D),init_calibration_target(H,C,D),init_supports(B,E,D),init_on_board(H,A,D).;157.85455;04/11/2021 23:50
satellite;calibrate;2;0;0.2;0.5;97;4011;57025;8;6;7;180;413;238;150;0.545455;0.430622;98;489;427;107;0.478049;0.186667;0;0;0;0;0;0;calibrate(A,B,C,D):-goal_have_image(H,F,D),init_calibration_target(E,C,D),init_supports(E,G,D),goal_have_image(H,G,D),init_on_board(B,A,D),init_supports(B,F,D).;167.20251;04/11/2021 23:50
satellite;calibrate;2;0;0.2;0.5;97;4011;57025;8;6;7;180;413;238;150;0.545455;0.430622;98;489;427;107;0.478049;0.186667;0;0;0;0;0;0;calibrate(A,B,C,D):-goal_have_image(F,E,D),init_supports(H,E,D),init_on_board(B,A,D),goal_have_image(F,G,D),init_calibration_target(H,C,D),init_supports(B,G,D).;325.6953;04/11/2021 23:50
satellite;calibrate;2;0;0.2;0.75;145;6352;84993;8;7;7;269;408;466;239;0.529528;0.365986;98;444;472;107;0.478049;0.17193;0;0;0;0;0;0;calibrate(A,B,C,D):-init_calibration_target(B,C,D),init_on_board(B,A,D).;2.295003;05/11/2021 00:50
satellite;calibrate;2;0;0.2;0.75;145;6352;84993;8;7;7;269;491;383;239;0.529528;0.412577;98;456;460;107;0.478049;0.175627;0;0;0;0;0;0;calibrate(A,B,C,D):-goal_have_image(E,G,D),init_supports(H,F,D),init_calibration_target(B,C,D),goal_have_image(E,F,D),init_supports(H,G,D),init_on_board(H,A,D).;307.99423;05/11/2021 00:50
satellite;calibrate;2;0;0.2;0.75;145;6352;84993;8;7;7;269;557;317;239;0.529528;0.459044;98;489;427;107;0.478049;0.186667;0;0;0;0;0;0;calibrate(A,B,C,D):-goal_have_image(E,G,D),goal_have_image(E,F,D),init_calibration_target(B,C,D),init_supports(B,F,D),init_supports(H,G,D),init_on_board(H,A,D).;308.17255;05/11/2021 00:50
satellite;calibrate;2;0;0.2;1;193;8362;113576;8;7;7;350;585;625;313;0.527903;0.358974;98;444;472;107;0.478049;0.17193;0;0;0;0;0;0;calibrate(A,B,C,D):-init_calibration_target(B,C,D),init_on_board(B,A,D).;2.327766;05/11/2021 00:50
satellite;calibrate;2;0;0.2;1;193;8362;113576;8;7;7;351;585;625;312;0.529412;0.359631;98;444;472;107;0.478049;0.17193;0;0;0;0;0;0;calibrate(A,B,C,D):-init_calibration_target(B,C,D),init_power_avail(A,D).;2.660675;05/11/2021 00:50
satellite;calibrate;2;0;0.2;1;193;8362;113576;8;7;7;351;777;433;312;0.529412;0.447704;98;489;427;107;0.478049;0.186667;0;0;0;0;0;0;calibrate(A,B,C,D):-init_calibration_target(B,C,D),init_supports(B,E,D),init_supports(H,G,D),goal_have_image(F,E,D),init_on_board(H,A,D),goal_have_image(F,G,D).;126.90433;05/11/2021 00:50
satellite;calibrate;2;0;0.2;0.25;49;1761;29222;8;7;7;98;148;165;87;0.52973;0.372624;98;444;472;107;0.478049;0.17193;0;0;0;0;0;0;calibrate(A,B,C,D):-init_on_board(B,A,D),init_calibration_target(B,C,D).;2.249015;05/11/2021 00:50
satellite;calibrate;2;0;0.2;0.25;49;1761;29222;8;7;7;98;218;95;87;0.52973;0.507772;98;489;427;107;0.478049;0.186667;0;0;0;0;0;0;calibrate(A,B,C,D):-init_calibration_target(H,C,D),init_on_board(H,A,D),init_supports(B,G,D),goal_have_image(E,G,D),goal_have_image(E,F,D),init_supports(H,F,D).;273.97177;05/11/2021 00:50
satellite;calibrate;2;0;0.2;0.25;49;1761;29222;8;7;7;98;187;126;87;0.52973;0.4375;98;456;460;107;0.478049;0.175627;0;0;0;0;0;0;calibrate(A,B,C,D):-goal_have_image(F,G,D),init_on_board(H,A,D),init_supports(H,E,D),goal_have_image(F,E,D),init_supports(H,G,D),init_calibration_target(B,C,D).;93.781815;05/11/2021 00:50
satellite;calibrate;2;0;0.2;0.25;49;1761;29222;8;7;7;98;218;95;87;0.52973;0.507772;98;489;427;107;0.478049;0.186667;0;0;0;0;0;0;calibrate(A,B,C,D):-goal_have_image(F,G,D),init_on_board(H,A,D),goal_have_image(F,E,D),init_calibration_target(B,C,D),init_supports(H,E,D),init_supports(B,G,D).;93.87892;05/11/2021 00:50
satellite;calibrate;2;0;0.2;0.5;97;4011;57025;8;7;7;180;290;361;150;0.545455;0.332717;98;444;472;107;0.478049;0.17193;0;0;0;0;0;0;calibrate(A,B,C,D):-init_on_board(B,A,D),init_calibration_target(B,C,D).;2.309148;05/11/2021 00:50
satellite;calibrate;2;0;0.2;0.5;97;4011;57025;8;7;7;180;413;238;150;0.545455;0.430622;98;489;427;107;0.478049;0.186667;0;0;0;0;0;0;calibrate(A,B,C,D):-init_supports(F,E,D),init_calibration_target(F,C,D),init_supports(B,G,D),init_on_board(F,A,D),goal_have_image(H,E,D),goal_have_image(H,G,D).;106.65924;05/11/2021 00:50
satellite;calibrate;2;0;0.2;0.5;97;4011;57025;8;7;7;180;413;238;150;0.545455;0.430622;98;489;427;107;0.478049;0.186667;0;0;0;0;0;0;calibrate(A,B,C,D):-goal_have_image(H,F,D),init_calibration_target(E,C,D),init_supports(E,G,D),goal_have_image(H,G,D),init_on_board(B,A,D),init_supports(B,F,D).;167.20251;05/11/2021 00:50
satellite;calibrate;2;0;0.2;0.5;97;4011;57025;8;7;7;180;413;238;150;0.545455;0.430622;98;489;427;107;0.478049;0.186667;0;0;0;0;0;0;calibrate(A,B,C,D):-goal_have_image(F,E,D),init_supports(H,E,D),init_on_board(B,A,D),goal_have_image(F,G,D),init_calibration_target(H,C,D),init_supports(B,G,D).;325.6953;05/11/2021 00:50
satellite;calibrate;2;0;0.2;0.75;145;6352;84993;9;5;5;38;856;18;470;0.074803;0.678571;15;903;13;190;0.073171;0.535714;0;0;0;0;0;0;calibrate(A,B,C,D):-init_pointing(A,C,D),init_on_board(B,A,D).;2.647979;05/11/2021 01:50
satellite;calibrate;2;0;0.2;0.75;145;6352;84993;9;5;5;269;408;466;239;0.529528;0.365986;98;444;472;107;0.478049;0.17193;0;0;0;0;0;0;calibrate(A,B,C,D):-init_calibration_target(B,C,D),init_on_board(B,A,D).;2.932522;05/11/2021 01:50
satellite;calibrate;2;0;0.2;0.75;145;6352;84993;9;5;5;269;557;317;239;0.529528;0.459044;98;489;427;107;0.478049;0.186667;0;0;0;0;0;0;calibrate(A,B,C,D):-goal_have_image(E,G,D),goal_have_image(E,F,D),init_calibration_target(B,C,D),init_supports(B,F,D),init_supports(H,G,D),init_on_board(H,A,D).;308.17255;05/11/2021 01:50
satellite;calibrate;2;0;0.2;1;193;8362;113576;9;5;5;49;1184;26;614;0.073906;0.653333;15;903;13;190;0.073171;0.535714;0;0;0;0;0;0;calibrate(A,B,C,D):-init_pointing(A,C,D),init_on_board(B,A,D).;2.682729;05/11/2021 01:50
satellite;calibrate;2;0;0.2;1;193;8362;113576;9;5;5;351;585;625;312;0.529412;0.359631;98;444;472;107;0.478049;0.17193;0;0;0;0;0;0;calibrate(A,B,C,D):-init_calibration_target(B,C,D),init_on_board(B,A,D).;2.975274;05/11/2021 01:50
satellite;calibrate;2;0;0.2;1;193;8362;113576;9;5;5;351;777;433;312;0.529412;0.447704;98;489;427;107;0.478049;0.186667;0;0;0;0;0;0;calibrate(A,B,C,D):-init_calibration_target(B,C,D),init_supports(B,E,D),init_supports(H,G,D),goal_have_image(F,E,D),init_on_board(H,A,D),goal_have_image(F,G,D).;126.90433;05/11/2021 01:50
satellite;calibrate;2;0;0.2;0.25;49;1761;29222;9;5;5;8;306;7;177;0.043243;0.533333;15;903;13;190;0.073171;0.535714;0;0;0;0;0;0;calibrate(A,B,C,D):-init_on_board(B,A,D),init_pointing(A,C,D).;2.562174;05/11/2021 01:50
satellite;calibrate;2;0;0.2;0.25;49;1761;29222;9;5;5;98;148;165;87;0.52973;0.372624;98;444;472;107;0.478049;0.17193;0;0;0;0;0;0;calibrate(A,B,C,D):-init_calibration_target(B,C,D),init_on_board(B,A,D).;2.827924;05/11/2021 01:50
satellite;calibrate;2;0;0.2;0.25;49;1761;29222;9;5;5;98;187;126;87;0.52973;0.4375;98;456;460;107;0.478049;0.175627;0;0;0;0;0;0;calibrate(A,B,C,D):-goal_have_image(F,G,D),init_on_board(H,A,D),init_supports(H,E,D),goal_have_image(F,E,D),init_supports(H,G,D),init_calibration_target(B,C,D).;93.781815;05/11/2021 01:50
satellite;calibrate;2;0;0.2;0.25;49;1761;29222;9;5;5;98;218;95;87;0.52973;0.507772;98;489;427;107;0.478049;0.186667;0;0;0;0;0;0;calibrate(A,B,C,D):-goal_have_image(F,G,D),init_on_board(H,A,D),goal_have_image(F,E,D),init_calibration_target(B,C,D),init_supports(H,E,D),init_supports(B,G,D).;93.87892;05/11/2021 01:50
satellite;calibrate;2;0;0.2;0.5;97;4011;57025;9;5;5;28;637;14;302;0.084848;0.666667;15;903;13;190;0.073171;0.535714;0;0;0;0;0;0;calibrate(A,B,C,D):-init_on_board(B,A,D),init_pointing(A,C,D).;2.597685;05/11/2021 01:50
satellite;calibrate;2;0;0.2;0.5;97;4011;57025;9;5;5;180;290;361;150;0.545455;0.332717;98;444;472;107;0.478049;0.17193;0;0;0;0;0;0;calibrate(A,B,C,D):-init_calibration_target(B,C,D),init_on_board(B,A,D).;2.86943;05/11/2021 01:50
satellite;calibrate;2;0;0.2;0.5;97;4011;57025;9;5;5;180;413;238;150;0.545455;0.430622;98;489;427;107;0.478049;0.186667;0;0;0;0;0;0;calibrate(A,B,C,D):-goal_have_image(H,F,D),init_calibration_target(E,C,D),init_supports(E,G,D),goal_have_image(H,G,D),init_on_board(B,A,D),init_supports(B,F,D).;167.20251;05/11/2021 01:50
satellite;calibrate;2;0;0.2;0.5;97;4011;57025;9;5;5;180;413;238;150;0.545455;0.430622;98;489;427;107;0.478049;0.186667;0;0;0;0;0;0;calibrate(A,B,C,D):-goal_have_image(F,E,D),init_supports(H,E,D),init_on_board(B,A,D),goal_have_image(F,G,D),init_calibration_target(H,C,D),init_supports(B,G,D).;325.6953;05/11/2021 01:50
satellite;calibrate;2;0;0.2;0.75;145;6352;84993;9;6;5;38;856;18;470;0.074803;0.678571;15;903;13;190;0.073171;0.535714;0;0;0;0;0;0;calibrate(A,B,C,D):-init_pointing(A,C,D),init_on_board(B,A,D).;3.223328;05/11/2021 02:50
satellite;calibrate;2;0;0.2;0.75;145;6352;84993;9;6;5;269;408;466;239;0.529528;0.365986;98;444;472;107;0.478049;0.17193;0;0;0;0;0;0;calibrate(A,B,C,D):-init_calibration_target(B,C,D),init_on_board(B,A,D).;3.388469;05/11/2021 02:50
satellite;calibrate;2;0;0.2;0.75;145;6352;84993;9;6;5;269;557;317;239;0.529528;0.459044;98;489;427;107;0.478049;0.186667;0;0;0;0;0;0;calibrate(A,B,C,D):-goal_have_image(E,G,D),goal_have_image(E,F,D),init_calibration_target(B,C,D),init_supports(B,F,D),init_supports(H,G,D),init_on_board(H,A,D).;308.17255;05/11/2021 02:50
satellite;calibrate;2;0;0.2;1;193;8362;113576;9;6;5;49;1184;26;614;0.073906;0.653333;15;903;13;190;0.073171;0.535714;0;0;0;0;0;0;calibrate(A,B,C,D):-init_on_board(B,A,D),init_pointing(A,C,D).;3.289924;05/11/2021 02:50
satellite;calibrate;2;0;0.2;1;193;8362;113576;9;6;5;350;585;625;313;0.527903;0.358974;98;444;472;107;0.478049;0.17193;0;0;0;0;0;0;calibrate(A,B,C,D):-init_calibration_target(B,C,D),init_on_board(B,A,D).;3.458951;05/11/2021 02:50
satellite;calibrate;2;0;0.2;1;193;8362;113576;9;6;5;351;585;625;312;0.529412;0.359631;98;444;472;107;0.478049;0.17193;0;0;0;0;0;0;calibrate(A,B,C,D):-init_calibration_target(B,C,D),init_power_avail(A,D).;3.584663;05/11/2021 02:50
satellite;calibrate;2;0;0.2;0.25;49;1761;29222;9;6;5;8;306;7;177;0.043243;0.533333;15;903;13;190;0.073171;0.535714;0;0;0;0;0;0;calibrate(A,B,C,D):-init_on_board(B,A,D),init_pointing(A,C,D).;3.184418;05/11/2021 02:50
satellite;calibrate;2;0;0.2;0.25;49;1761;29222;9;6;5;98;148;165;87;0.52973;0.372624;98;444;472;107;0.478049;0.17193;0;0;0;0;0;0;calibrate(A,B,C,D):-init_on_board(B,A,D),init_calibration_target(B,C,D).;3.335187;05/11/2021 02:50
satellite;calibrate;2;0;0.2;0.25;49;1761;29222;9;6;5;98;187;126;87;0.52973;0.4375;98;456;460;107;0.478049;0.175627;0;0;0;0;0;0;calibrate(A,B,C,D):-goal_have_image(F,G,D),init_on_board(H,A,D),init_supports(H,E,D),goal_have_image(F,E,D),init_supports(H,G,D),init_calibration_target(B,C,D).;93.781815;05/11/2021 02:50
satellite;calibrate;2;0;0.2;0.25;49;1761;29222;9;6;5;98;218;95;87;0.52973;0.507772;98;489;427;107;0.478049;0.186667;0;0;0;0;0;0;calibrate(A,B,C,D):-goal_have_image(F,G,D),init_on_board(H,A,D),goal_have_image(F,E,D),init_calibration_target(B,C,D),init_supports(H,E,D),init_supports(B,G,D).;93.87892;05/11/2021 02:50
satellite;calibrate;2;0;0.2;0.5;97;4011;57025;9;6;5;28;637;14;302;0.084848;0.666667;15;903;13;190;0.073171;0.535714;0;0;0;0;0;0;calibrate(A,B,C,D):-init_pointing(A,C,D),init_on_board(B,A,D).;3.253454;05/11/2021 02:50
satellite;calibrate;2;0;0.2;0.5;97;4011;57025;9;6;5;180;290;361;150;0.545455;0.332717;98;444;472;107;0.478049;0.17193;0;0;0;0;0;0;calibrate(A,B,C,D):-init_on_board(B,A,D),init_calibration_target(B,C,D).;3.418582;05/11/2021 02:50
satellite;calibrate;2;0;0.2;0.5;97;4011;57025;9;6;5;180;413;238;150;0.545455;0.430622;98;489;427;107;0.478049;0.186667;0;0;0;0;0;0;calibrate(A,B,C,D):-goal_have_image(H,F,D),init_calibration_target(E,C,D),init_supports(E,G,D),goal_have_image(H,G,D),init_on_board(B,A,D),init_supports(B,F,D).;167.20251;05/11/2021 02:50
satellite;calibrate;2;0;0.2;0.5;97;4011;57025;9;6;5;180;413;238;150;0.545455;0.430622;98;489;427;107;0.478049;0.186667;0;0;0;0;0;0;calibrate(A,B,C,D):-goal_have_image(F,E,D),init_supports(H,E,D),init_on_board(B,A,D),goal_have_image(F,G,D),init_calibration_target(H,C,D),init_supports(B,G,D).;325.6953;05/11/2021 02:50
satellite;calibrate;2;0;0.2;0.75;145;6352;84993;9;7;5;269;408;466;239;0.529528;0.365986;98;444;472;107;0.478049;0.17193;0;0;0;0;0;0;calibrate(A,B,C,D):-init_calibration_target(B,C,D),init_power_avail(A,D).;3.594941;05/11/2021 03:50
satellite;calibrate;2;0;0.2;0.75;145;6352;84993;9;7;5;269;408;466;239;0.529528;0.365986;98;444;472;107;0.478049;0.17193;0;0;0;0;0;0;calibrate(A,B,C,D):-init_calibration_target(B,C,D),init_on_board(B,A,D).;3.388469;05/11/2021 03:50
satellite;calibrate;2;0;0.2;0.75;145;6352;84993;9;7;5;269;557;317;239;0.529528;0.459044;98;489;427;107;0.478049;0.186667;0;0;0;0;0;0;calibrate(A,B,C,D):-goal_have_image(E,G,D),goal_have_image(E,F,D),init_calibration_target(B,C,D),init_supports(B,F,D),init_supports(H,G,D),init_on_board(H,A,D).;308.17255;05/11/2021 03:50
satellite;calibrate;2;0;0.2;1;193;8362;113576;9;7;5;350;585;625;313;0.527903;0.358974;98;444;472;107;0.478049;0.17193;0;0;0;0;0;0;calibrate(A,B,C,D):-init_calibration_target(B,C,D),init_power_avail(A,D).;3.700381;05/11/2021 03:50
satellite;calibrate;2;0;0.2;1;193;8362;113576;9;7;5;351;585;625;312;0.529412;0.359631;98;444;472;107;0.478049;0.17193;0;0;0;0;0;0;calibrate(A,B,C,D):-init_calibration_target(B,C,D),init_on_board(B,A,D).;4.041036;05/11/2021 03:50
satellite;calibrate;2;0;0.2;1;193;8362;113576;9;7;5;351;585;625;312;0.529412;0.359631;98;444;472;107;0.478049;0.17193;0;0;0;0;0;0;calibrate(A,B,C,D):-init_calibration_target(B,C,D),init_power_avail(A,D).;3.584663;05/11/2021 03:50
satellite;calibrate;2;0;0.2;0.25;49;1761;29222;9;7;5;98;148;165;87;0.52973;0.372624;98;444;472;107;0.478049;0.17193;0;0;0;0;0;0;calibrate(A,B,C,D):-init_power_avail(A,D),init_calibration_target(B,C,D).;3.511744;05/11/2021 03:50
satellite;calibrate;2;0;0.2;0.25;49;1761;29222;9;7;5;98;148;165;87;0.52973;0.372624;98;444;472;107;0.478049;0.17193;0;0;0;0;0;0;calibrate(A,B,C,D):-init_on_board(B,A,D),init_calibration_target(B,C,D).;3.335187;05/11/2021 03:50
satellite;calibrate;2;0;0.2;0.25;49;1761;29222;9;7;5;98;187;126;87;0.52973;0.4375;98;456;460;107;0.478049;0.175627;0;0;0;0;0;0;calibrate(A,B,C,D):-goal_have_image(F,G,D),init_on_board(H,A,D),init_supports(H,E,D),goal_have_image(F,E,D),init_supports(H,G,D),init_calibration_target(B,C,D).;93.781815;05/11/2021 03:50
satellite;calibrate;2;0;0.2;0.25;49;1761;29222;9;7;5;98;218;95;87;0.52973;0.507772;98;489;427;107;0.478049;0.186667;0;0;0;0;0;0;calibrate(A,B,C,D):-goal_have_image(F,G,D),init_on_board(H,A,D),goal_have_image(F,E,D),init_calibration_target(B,C,D),init_supports(H,E,D),init_supports(B,G,D).;93.87892;05/11/2021 03:50
satellite;calibrate;2;0;0.2;0.5;97;4011;57025;9;7;5;180;290;361;150;0.545455;0.332717;98;444;472;107;0.478049;0.17193;0;0;0;0;0;0;calibrate(A,B,C,D):-init_calibration_target(B,C,D),init_power_avail(A,D).;3.611564;05/11/2021 03:50
satellite;calibrate;2;0;0.2;0.5;97;4011;57025;9;7;5;180;290;361;150;0.545455;0.332717;98;444;472;107;0.478049;0.17193;0;0;0;0;0;0;calibrate(A,B,C,D):-init_on_board(B,A,D),init_calibration_target(B,C,D).;3.418582;05/11/2021 03:50
satellite;calibrate;2;0;0.2;0.5;97;4011;57025;9;7;5;180;413;238;150;0.545455;0.430622;98;489;427;107;0.478049;0.186667;0;0;0;0;0;0;calibrate(A,B,C,D):-goal_have_image(H,F,D),init_calibration_target(E,C,D),init_supports(E,G,D),goal_have_image(H,G,D),init_on_board(B,A,D),init_supports(B,F,D).;167.20251;05/11/2021 03:50
satellite;calibrate;2;0;0.2;0.5;97;4011;57025;9;7;5;180;413;238;150;0.545455;0.430622;98;489;427;107;0.478049;0.186667;0;0;0;0;0;0;calibrate(A,B,C,D):-goal_have_image(F,E,D),init_supports(H,E,D),init_on_board(B,A,D),goal_have_image(F,G,D),init_calibration_target(H,C,D),init_supports(B,G,D).;325.6953;05/11/2021 03:50
satellite;calibrate;2;0;0.2;0.75;145;6352;84993;9;8;5;6;852;22;502;0.011811;0.214286;1;908;8;204;0.004878;0.111111;0;0;0;0;0;0;calibrate(A,B,C,D):-goal_pointing(A,C,D),init_calibration_target(B,C,D).;4.410059;05/11/2021 04:50
satellite;calibrate;2;0;0.2;0.75;145;6352;84993;9;8;5;38;856;18;470;0.074803;0.678571;15;903;13;190;0.073171;0.535714;0;0;0;0;0;0;calibrate(A,B,C,D):-init_pointing(A,C,D),init_calibration_target(B,C,D).;4.527577;05/11/2021 04:50
satellite;calibrate;2;0;0.2;0.75;145;6352;84993;9;8;5;269;408;466;239;0.529528;0.365986;98;444;472;107;0.478049;0.17193;0;0;0;0;0;0;calibrate(A,B,C,D):-init_on_board(B,A,D),init_calibration_target(B,C,D).;4.869414;05/11/2021 04:50
satellite;calibrate;2;0;0.2;1;193;8362;113576;9;8;5;8;1180;30;655;0.012066;0.210526;1;908;8;204;0.004878;0.111111;0;0;0;0;0;0;calibrate(A,B,C,D):-goal_pointing(A,C,D),init_calibration_target(B,C,D).;4.48654;05/11/2021 04:50
satellite;calibrate;2;0;0.2;1;193;8362;113576;9;8;5;49;1184;26;614;0.073906;0.653333;15;903;13;190;0.073171;0.535714;0;0;0;0;0;0;calibrate(A,B,C,D):-init_pointing(A,C,D),init_calibration_target(B,C,D).;4.613491;05/11/2021 04:50
satellite;calibrate;2;0;0.2;1;193;8362;113576;9;8;5;351;585;625;312;0.529412;0.359631;98;444;472;107;0.478049;0.17193;0;0;0;0;0;0;calibrate(A,B,C,D):-init_on_board(B,A,D),init_calibration_target(B,C,D).;4.956969;05/11/2021 04:50
satellite;calibrate;2;0;0.2;0.25;49;1761;29222;9;8;5;2;307;6;183;0.010811;0.25;1;908;8;204;0.004878;0.111111;0;0;0;0;0;0;calibrate(A,B,C,D):-goal_pointing(A,C,D),init_calibration_target(B,C,D).;4.319802;05/11/2021 04:50
satellite;calibrate;2;0;0.2;0.25;49;1761;29222;9;8;5;8;306;7;177;0.043243;0.533333;15;903;13;190;0.073171;0.535714;0;0;0;0;0;0;calibrate(A,B,C,D):-init_pointing(A,C,D),init_calibration_target(B,C,D).;4.421311;05/11/2021 04:50
satellite;calibrate;2;0;0.2;0.25;49;1761;29222;9;8;5;98;148;165;87;0.52973;0.372624;98;444;472;107;0.478049;0.17193;0;0;0;0;0;0;calibrate(A,B,C,D):-init_on_board(B,A,D),init_calibration_target(B,C,D).;4.740902;05/11/2021 04:50
satellite;calibrate;2;0;0.2;0.25;49;1761;29222;9;8;5;98;218;95;87;0.52973;0.507772;98;489;427;107;0.478049;0.186667;0;0;0;0;0;0;calibrate(A,B,C,D):-goal_have_image(F,G,D),init_on_board(H,A,D),goal_have_image(F,E,D),init_calibration_target(B,C,D),init_supports(H,E,D),init_supports(B,G,D).;93.87892;05/11/2021 04:50
satellite;calibrate;2;0;0.2;0.5;97;4011;57025;9;8;5;5;635;16;325;0.015152;0.238095;1;908;8;204;0.004878;0.111111;0;0;0;0;0;0;calibrate(A,B,C,D):-init_calibration_target(B,C,D),goal_pointing(A,C,D).;4.412083;05/11/2021 04:50
satellite;calibrate;2;0;0.2;0.5;97;4011;57025;9;8;5;28;637;14;302;0.084848;0.666667;15;903;13;190;0.073171;0.535714;0;0;0;0;0;0;calibrate(A,B,C,D):-init_pointing(A,C,D),init_calibration_target(B,C,D).;4.529808;05/11/2021 04:50
satellite;calibrate;2;0;0.2;0.5;97;4011;57025;9;8;5;180;290;361;150;0.545455;0.332717;98;444;472;107;0.478049;0.17193;0;0;0;0;0;0;calibrate(A,B,C,D):-init_calibration_target(B,C,D),init_on_board(B,A,D).;4.868011;05/11/2021 04:50
satellite;calibrate;2;0;0.2;0.5;97;4011;57025;9;8;5;180;413;238;150;0.545455;0.430622;98;489;427;107;0.478049;0.186667;0;0;0;0;0;0;calibrate(A,B,C,D):-goal_have_image(F,E,D),init_supports(H,E,D),init_on_board(B,A,D),goal_have_image(F,G,D),init_calibration_target(H,C,D),init_supports(B,G,D).;325.6953;05/11/2021 04:50
satellite;calibrate;2;0;0.2;0.75;145;6352;84993;9;5;6;38;856;18;470;0.074803;0.678571;15;903;13;190;0.073171;0.535714;0;0;0;0;0;0;calibrate(A,B,C,D):-init_pointing(A,C,D),init_on_board(B,A,D).;2.75584;05/11/2021 05:50
satellite;calibrate;2;0;0.2;0.75;145;6352;84993;9;5;6;269;408;466;239;0.529528;0.365986;98;444;472;107;0.478049;0.17193;0;0;0;0;0;0;calibrate(A,B,C,D):-init_calibration_target(B,C,D),init_on_board(B,A,D).;3.044143;05/11/2021 05:50
satellite;calibrate;2;0;0.2;0.75;145;6352;84993;9;5;6;269;557;317;239;0.529528;0.459044;98;489;427;107;0.478049;0.186667;0;0;0;0;0;0;calibrate(A,B,C,D):-init_supports(B,H,D),goal_have_image(E,H,D),goal_have_image(E,F,D),init_calibration_target(G,C,D),init_supports(B,F,D),init_on_board(G,A,D).;514.2182;05/11/2021 05:50
satellite;calibrate;2;0;0.2;1;193;8362;113576;9;5;6;49;1184;26;614;0.073906;0.653333;15;903;13;190;0.073171;0.535714;0;0;0;0;0;0;calibrate(A,B,C,D):-init_pointing(A,C,D),init_on_board(B,A,D).;2.754068;05/11/2021 05:50
satellite;calibrate;2;0;0.2;1;193;8362;113576;9;5;6;351;585;625;312;0.529412;0.359631;98;444;472;107;0.478049;0.17193;0;0;0;0;0;0;calibrate(A,B,C,D):-init_on_board(B,A,D),init_calibration_target(B,C,D).;3.050499;05/11/2021 05:50
satellite;calibrate;2;0;0.2;1;193;8362;113576;9;5;6;351;777;433;312;0.529412;0.447704;98;489;427;107;0.478049;0.186667;0;0;0;0;0;0;calibrate(A,B,C,D):-goal_have_image(H,G,D),init_on_board(F,A,D),init_supports(F,G,D),goal_have_image(H,E,D),init_calibration_target(F,C,D),init_supports(B,E,D).;318.44135;05/11/2021 05:50
satellite;calibrate;2;0;0.2;0.25;49;1761;29222;9;5;6;8;306;7;177;0.043243;0.533333;15;903;13;190;0.073171;0.535714;0;0;0;0;0;0;calibrate(A,B,C,D):-init_on_board(B,A,D),init_pointing(A,C,D).;2.612055;05/11/2021 05:50
satellite;calibrate;2;0;0.2;0.25;49;1761;29222;9;5;6;98;148;165;87;0.52973;0.372624;98;444;472;107;0.478049;0.17193;0;0;0;0;0;0;calibrate(A,B,C,D):-init_on_board(B,A,D),init_calibration_target(B,C,D).;2.883365;05/11/2021 05:50
satellite;calibrate;2;0;0.2;0.25;49;1761;29222;9;5;6;98;218;95;87;0.52973;0.507772;98;489;427;107;0.478049;0.186667;0;0;0;0;0;0;calibrate(A,B,C,D):-init_supports(B,G,D),init_calibration_target(H,C,D),goal_have_image(F,G,D),init_on_board(H,A,D),goal_have_image(F,E,D),init_supports(B,E,D).;527.71954;05/11/2021 05:50
satellite;calibrate;2;0;0.2;0.25;49;1761;29222;9;5;6;98;218;95;87;0.52973;0.507772;98;489;427;107;0.478049;0.186667;0;0;0;0;0;0;calibrate(A,B,C,D):-goal_have_image(F,G,D),init_on_board(H,A,D),goal_have_image(F,E,D),init_calibration_target(B,C,D),init_supports(H,E,D),init_supports(B,G,D).;93.87892;05/11/2021 05:50
satellite;calibrate;2;0;0.2;0.5;97;4011;57025;9;5;6;28;637;14;302;0.084848;0.666667;15;903;13;190;0.073171;0.535714;0;0;0;0;0;0;calibrate(A,B,C,D):-init_on_board(B,A,D),init_pointing(A,C,D).;2.684576;05/11/2021 05:50
satellite;calibrate;2;0;0.2;0.5;97;4011;57025;9;5;6;180;290;361;150;0.545455;0.332717;98;444;472;107;0.478049;0.17193;0;0;0;0;0;0;calibrate(A,B,C,D):-init_calibration_target(B,C,D),init_on_board(B,A,D).;2.959169;05/11/2021 05:50
satellite;calibrate;2;0;0.2;0.5;97;4011;57025;9;5;6;180;413;238;150;0.545455;0.430622;98;489;427;107;0.478049;0.186667;0;0;0;0;0;0;calibrate(A,B,C,D):-init_on_board(H,A,D),goal_have_image(G,E,D),init_calibration_target(H,C,D),goal_have_image(G,F,D),init_supports(B,F,D),init_supports(H,E,D).;1199.8234;05/11/2021 05:50
satellite;calibrate;2;0;0.2;0.5;97;4011;57025;9;5;6;180;413;238;150;0.545455;0.430622;98;489;427;107;0.478049;0.186667;0;0;0;0;0;0;calibrate(A,B,C,D):-goal_have_image(F,E,D),init_supports(H,E,D),init_on_board(B,A,D),goal_have_image(F,G,D),init_calibration_target(H,C,D),init_supports(B,G,D).;325.6953;05/11/2021 05:50
satellite;calibrate;2;0;0.2;0.75;145;6352;84993;9;6;6;38;856;18;470;0.074803;0.678571;15;903;13;190;0.073171;0.535714;0;0;0;0;0;0;calibrate(A,B,C,D):-init_on_board(B,A,D),init_pointing(A,C,D).;3.277118;05/11/2021 06:50
satellite;calibrate;2;0;0.2;0.75;145;6352;84993;9;6;6;269;408;466;239;0.529528;0.365986;98;444;472;107;0.478049;0.17193;0;0;0;0;0;0;calibrate(A,B,C,D):-init_on_board(B,A,D),init_calibration_target(B,C,D).;3.445776;05/11/2021 06:50
satellite;calibrate;2;0;0.2;0.75;145;6352;84993;9;6;6;269;557;317;239;0.529528;0.459044;98;489;427;107;0.478049;0.186667;0;0;0;0;0;0;calibrate(A,B,C,D):-init_supports(B,H,D),goal_have_image(E,H,D),goal_have_image(E,F,D),init_calibration_target(G,C,D),init_supports(B,F,D),init_on_board(G,A,D).;514.2182;05/11/2021 06:50
satellite;calibrate;2;0;0.2;1;193;8362;113576;9;6;6;49;1184;26;614;0.073906;0.653333;15;903;13;190;0.073171;0.535714;0;0;0;0;0;0;calibrate(A,B,C,D):-init_on_board(B,A,D),init_pointing(A,C,D).;3.298868;05/11/2021 06:50
satellite;calibrate;2;0;0.2;1;193;8362;113576;9;6;6;350;585;625;313;0.527903;0.358974;98;444;472;107;0.478049;0.17193;0;0;0;0;0;0;calibrate(A,B,C,D):-init_calibration_target(B,C,D),init_on_board(B,A,D).;3.46979;05/11/2021 06:50
satellite;calibrate;2;0;0.2;1;193;8362;113576;9;6;6;351;585;625;312;0.529412;0.359631;98;444;472;107;0.478049;0.17193;0;0;0;0;0;0;calibrate(A,B,C,D):-init_calibration_target(B,C,D),init_power_avail(A,D).;3.597019;05/11/2021 06:50
satellite;calibrate;2;0;0.2;0.25;49;1761;29222;9;6;6;8;306;7;177;0.043243;0.533333;15;903;13;190;0.073171;0.535714;0;0;0;0;0;0;calibrate(A,B,C,D):-init_pointing(A,C,D),init_on_board(B,A,D).;3.18274;05/11/2021 06:50
satellite;calibrate;2;0;0.2;0.25;49;1761;29222;9;6;6;98;148;165;87;0.52973;0.372624;98;444;472;107;0.478049;0.17193;0;0;0;0;0;0;calibrate(A,B,C,D):-init_calibration_target(B,C,D),init_on_board(B,A,D).;3.329747;05/11/2021 06:50
satellite;calibrate;2;0;0.2;0.25;49;1761;29222;9;6;6;98;184;129;87;0.52973;0.431718;98;453;463;107;0.478049;0.174688;0;0;0;0;0;0;calibrate(A,B,C,D):-init_supports(G,E,D),goal_have_image(H,E,D),init_on_board(B,A,D),goal_have_image(H,F,D),init_calibration_target(G,C,D),init_supports(G,F,D).;986.17786;05/11/2021 06:50
satellite;calibrate;2;0;0.2;0.25;49;1761;29222;9;6;6;98;218;95;87;0.52973;0.507772;98;489;427;107;0.478049;0.186667;0;0;0;0;0;0;calibrate(A,B,C,D):-init_supports(G,E,D),goal_have_image(H,E,D),init_supports(B,F,D),goal_have_image(H,F,D),init_on_board(B,A,D),init_calibration_target(G,C,D).;986.4512;05/11/2021 06:50
satellite;calibrate;2;0;0.2;0.5;97;4011;57025;9;6;6;28;637;14;302;0.084848;0.666667;15;903;13;190;0.073171;0.535714;0;0;0;0;0;0;calibrate(A,B,C,D):-init_pointing(A,C,D),init_on_board(B,A,D).;3.280319;05/11/2021 06:50
satellite;calibrate;2;0;0.2;0.5;97;4011;57025;9;6;6;180;290;361;150;0.545455;0.332717;98;444;472;107;0.478049;0.17193;0;0;0;0;0;0;calibrate(A,B,C,D):-init_calibration_target(B,C,D),init_on_board(B,A,D).;3.445499;05/11/2021 06:50
satellite;calibrate;2;0;0.2;0.5;97;4011;57025;9;6;6;180;413;238;150;0.545455;0.430622;98;489;427;107;0.478049;0.186667;0;0;0;0;0;0;calibrate(A,B,C,D):-init_on_board(F,A,D),init_calibration_target(B,C,D),goal_have_image(H,E,D),init_supports(B,E,D),init_supports(F,G,D),goal_have_image(H,G,D).;1299.2367;05/11/2021 06:50
satellite;calibrate;2;0;0.2;0.5;97;4011;57025;9;6;6;180;413;238;150;0.545455;0.430622;98;489;427;107;0.478049;0.186667;0;0;0;0;0;0;calibrate(A,B,C,D):-goal_have_image(F,E,D),init_supports(H,E,D),init_on_board(B,A,D),goal_have_image(F,G,D),init_calibration_target(H,C,D),init_supports(B,G,D).;325.6953;05/11/2021 06:50
satellite;calibrate;2;0;0.2;0.75;145;6352;84993;9;7;6;269;408;466;239;0.529528;0.365986;98;444;472;107;0.478049;0.17193;0;0;0;0;0;0;calibrate(A,B,C,D):-init_calibration_target(B,C,D),init_power_avail(A,D).;3.658876;05/11/2021 07:50
satellite;calibrate;2;0;0.2;0.75;145;6352;84993;9;7;6;269;557;317;239;0.529528;0.459044;98;489;427;107;0.478049;0.186667;0;0;0;0;0;0;calibrate(A,B,C,D):-init_supports(G,E,D),init_supports(B,F,D),goal_have_image(H,F,D),goal_have_image(H,E,D),init_calibration_target(G,C,D),init_on_board(G,A,D).;1324.7891;05/11/2021 07:50
satellite;calibrate;2;0;0.2;0.75;145;6352;84993;9;7;6;269;557;317;239;0.529528;0.459044;98;489;427;107;0.478049;0.186667;0;0;0;0;0;0;calibrate(A,B,C,D):-init_supports(B,H,D),goal_have_image(E,H,D),goal_have_image(E,F,D),init_calibration_target(G,C,D),init_supports(B,F,D),init_on_board(G,A,D).;514.2182;05/11/2021 07:50
satellite;calibrate;2;0;0.2;1;193;8362;113576;9;7;6;351;585;625;312;0.529412;0.359631;98;444;472;107;0.478049;0.17193;0;0;0;0;0;0;calibrate(A,B,C,D):-init_power_avail(A,D),init_calibration_target(B,C,D).;3.70852;05/11/2021 07:50
satellite;calibrate;2;0;0.2;1;193;8362;113576;9;7;6;351;777;433;312;0.529412;0.447704;98;489;427;107;0.478049;0.186667;0;0;0;0;0;0;calibrate(A,B,C,D):-init_supports(H,F,D),init_calibration_target(H,C,D),goal_have_image(G,E,D),init_on_board(H,A,D),init_supports(B,E,D),goal_have_image(G,F,D).;663.1794;05/11/2021 07:50
satellite;calibrate;2;0;0.2;1;193;8362;113576;9;7;6;351;585;625;312;0.529412;0.359631;98;444;472;107;0.478049;0.17193;0;0;0;0;0;0;calibrate(A,B,C,D):-init_calibration_target(B,C,D),init_power_avail(A,D).;3.597019;05/11/2021 07:50
satellite;calibrate;2;0;0.2;0.25;49;1761;29222;9;7;6;98;148;165;87;0.52973;0.372624;98;444;472;107;0.478049;0.17193;0;0;0;0;0;0;calibrate(A,B,C,D):-init_calibration_target(B,C,D),init_power_avail(A,D).;3.564938;05/11/2021 07:50
satellite;calibrate;2;0;0.2;0.25;49;1761;29222;9;7;6;98;218;95;87;0.52973;0.507772;98;489;427;107;0.478049;0.186667;0;0;0;0;0;0;calibrate(A,B,C,D):-init_supports(E,G,D),goal_have_image(F,G,D),init_supports(B,H,D),goal_have_image(F,H,D),init_calibration_target(E,C,D),init_on_board(E,A,D).;373.83237;05/11/2021 07:50
satellite;calibrate;2;0;0.2;0.25;49;1761;29222;9;7;6;98;184;129;87;0.52973;0.431718;98;453;463;107;0.478049;0.174688;0;0;0;0;0;0;calibrate(A,B,C,D):-init_supports(G,E,D),goal_have_image(H,E,D),init_on_board(B,A,D),goal_have_image(H,F,D),init_calibration_target(G,C,D),init_supports(G,F,D).;986.17786;05/11/2021 07:50
satellite;calibrate;2;0;0.2;0.25;49;1761;29222;9;7;6;98;218;95;87;0.52973;0.507772;98;489;427;107;0.478049;0.186667;0;0;0;0;0;0;calibrate(A,B,C,D):-init_supports(G,E,D),goal_have_image(H,E,D),init_supports(B,F,D),goal_have_image(H,F,D),init_on_board(B,A,D),init_calibration_target(G,C,D).;986.4512;05/11/2021 07:50
satellite;calibrate;2;0;0.2;0.5;97;4011;57025;9;7;6;180;290;361;150;0.545455;0.332717;98;444;472;107;0.478049;0.17193;0;0;0;0;0;0;calibrate(A,B,C,D):-init_power_avail(A,D),init_calibration_target(B,C,D).;3.638432;05/11/2021 07:50
satellite;calibrate;2;0;0.2;0.5;97;4011;57025;9;7;6;180;413;238;150;0.545455;0.430622;98;489;427;107;0.478049;0.186667;0;0;0;0;0;0;calibrate(A,B,C,D):-goal_have_image(E,G,D),goal_have_image(E,H,D),init_supports(F,H,D),init_on_board(F,A,D),init_supports(B,G,D),init_calibration_target(F,C,D).;819.2184;05/11/2021 07:50
satellite;calibrate;2;0;0.2;0.5;97;4011;57025;9;7;6;180;413;238;150;0.545455;0.430622;98;489;427;107;0.478049;0.186667;0;0;0;0;0;0;calibrate(A,B,C,D):-init_on_board(F,A,D),init_calibration_target(B,C,D),goal_have_image(H,E,D),init_supports(B,E,D),init_supports(F,G,D),goal_have_image(H,G,D).;1299.2367;05/11/2021 07:50
satellite;calibrate;2;0;0.2;0.5;97;4011;57025;9;7;6;180;413;238;150;0.545455;0.430622;98;489;427;107;0.478049;0.186667;0;0;0;0;0;0;calibrate(A,B,C,D):-goal_have_image(F,E,D),init_supports(H,E,D),init_on_board(B,A,D),goal_have_image(F,G,D),init_calibration_target(H,C,D),init_supports(B,G,D).;325.6953;05/11/2021 07:50
